Generator,GeneratorType,BusGenerator,Capacity,FixedCost,VariableCost,Technology,Country
Mellach Fernheizkraftwerk,SLOW,A-27,246.0,46286.0,51.2,Coal,AT
Mellach Gaskombikraftwerk,SLOW,A-27,832.0,46286.0,53.08,Coal,AT
Mellach Fernheizkraftwerk,SLOW,A-27,246.0,9333.0,144.51,Oil,AT
Mellach Gas-Kombikraftwerk,SLOW,A-27,832.0,16500.0,44.31,CCGT,AT
Simmering 1,SLOW,A-11,710.0,16500.0,45.76,CCGT,AT
Timelkam,SLOW,A-12,405.0,16500.0,43.62,CCGT,AT
Simmering 3,SLOW,A-11,350.0,16500.0,44.8,CCGT,AT
Linz-Mitte Fernheizkraftwerk,SLOW,A-10,217.0,16500.0,43.62,CCGT,AT
Linz-SÃ¼d Fernheizkraftwerk,SLOW,A-10,192.0,16500.0,42.81,CCGT,AT
Korneuburg,SLOW,A-11,150.0,16500.0,43.8,CCGT,AT
Salzburg-Mitte Heizkraftwerk,SLOW,A-18,83.7,16500.0,43.63,CCGT,AT
Laakirchen,SLOW,A-12,61.0,16500.0,43.97,CCGT,AT
Simmering 2,SLOW,A-11,60.0,16500.0,44.43,CCGT,AT
Wels Fernheizkraftwerk,SLOW,A-10,47.0,16500.0,44.59,CCGT,AT
TheiÃ,SLOW,A-7,800.0,9333.0,85.8,OCGT,AT
Donaustadt,SLOW,A-11,395.0,9333.0,86.57,OCGT,AT
Salzburg-Nord Heizkraftwerk,SLOW,A-18,13.5,9333.0,89.13,OCGT,AT
AWIRS 4,SLOW,B-15,95.0,113160.0,38.64,Other,BE
RODENHUIZE 4,SLOW,B-6,268.0,113160.0,38.64,Other,BE
Zelzate 2 Knippegroen,FAST,B-6,315.0,9333.0,151.55,Oil,BE
Marcinelle Energie (Carsid),FAST,B-17,413.0,16500.0,65.7,CCGT,BE
Amercoeur 1 R TGV,FAST,B-17,451.0,16500.0,62.55,CCGT,BE
HERDERSBRUG STEG,FAST,B-3,465.0,16500.0,63.15,CCGT,BE
SAINT-GHISLAIN STEG,FAST,B-13,350.0,16500.0,64.38,CCGT,BE
Zandvliet Power,FAST,B_Zandvl,386.2,16500.0,64.07,CCGT,BE
RINGVAART STEG,FAST,B-6,385.0,16500.0,67.01,CCGT,BE
INESCO WKK,FAST,B_Zandvl,138.0,16500.0,64.31,CCGT,BE
T-power Beringen,FAST,B-5,422.0,16500.0,64.71,CCGT,BE
Aalst Syral GT,FAST,B-10,43.0,9333.0,112.82,OCGT,BE
DROGENBOS GT1,FAST,B-10,150.0,9333.0,103.37,OCGT,BE
DROGENBOS GT2,FAST,B-10,150.0,9333.0,105.18,OCGT,BE
Lillo Degussa GT1,FAST,B_Zandvl,43.0,9333.0,105.84,OCGT,BE
Lillo Degussa GT2,FAST,B_Zandvl,32.0,9333.0,107.79,OCGT,BE
VILVOORDE GT,FAST,B-8,255.0,9333.0,114.73,OCGT,BE
Wilmarsdonk Total GT1,FAST,B_Zandvl,43.0,9333.0,106.18,OCGT,BE
Wilmarsdonk Total GT2,FAST,B_Zandvl,43.0,9333.0,106.92,OCGT,BE
Wilmarsdonk Total GT3,FAST,B_Zandvl,43.0,9333.0,109.71,OCGT,BE
Zwijndrecht Lanxess GT,FAST,B-2,43.0,9333.0,111.52,OCGT,BE
ANGLEUR TG 41,FAST,B-11,64.0,9333.0,106.97,OCGT,BE
ANGLEUR TG 42,FAST,B-11,64.0,9333.0,107.56,OCGT,BE
EDF Luminus Seraing GT1,FAST,B-11,150.0,9333.0,105.4,OCGT,BE
EDF Luminus Seraing GT2,FAST,B-11,150.0,9333.0,105.44,OCGT,BE
HAM31,FAST,B-6,58.0,9333.0,106.85,OCGT,BE
HAM32,FAST,B-6,58.0,9333.0,107.55,OCGT,BE
Jemeppe-sur-Sambre GT1,FAST,B-17,48.0,9333.0,110.04,OCGT,BE
Jemeppe-sur-Sambre GT2,FAST,B-17,48.0,9333.0,109.87,OCGT,BE
Aalst Syral ST,FAST,B-10,5.0,16500.0,68.27,CCGT,BE
DROGENBOS ST,FAST,B-10,160.0,16500.0,63.21,CCGT,BE
Lillo Degussa ST,FAST,B_Zandvl,10.0,16500.0,65.63,CCGT,BE
Zwijndrecht Lanxess ST,FAST,B-2,15.0,16500.0,63.29,CCGT,BE
Jemeppe-sur-Sambre ST,FAST,B-17,10.0,16500.0,63.38,CCGT,BE
Beveren Ineos Phenolchemie,FAST,B-2,23.8,16500.0,63.51,CCGT,BE
Lanaken Sappi,FAST,B-11,43.0,16500.0,61.54,CCGT,BE
Oorderen Bayer,FAST,B_Zandvl,43.0,16500.0,66.93,CCGT,BE
Oud-Lillo Monsanto,FAST,B_Zandvl,43.0,16500.0,63.81,CCGT,BE
Scheldelaan Exxonmobil,FAST,B-5,140.0,16500.0,64.99,CCGT,BE
Zeebrugge 2 Fluxys,FAST,B-3,40.0,16500.0,65.03,CCGT,BE
Eurosilo,FAST,B-6,12.9,16500.0,65.7,CCGT,BE
ANGLEUR TG31,FAST,B-11,25.0,9333.0,109.77,OCGT,BE
ANGLEUR TG32,FAST,B-11,25.0,9333.0,106.91,OCGT,BE
EDF Luminus Izegem WKK,FAST,B-9,20.0,9333.0,108.07,OCGT,BE
SERAING TV,FAST,B-11,170.0,16500.0,65.51,CCGT,BE
Biostoom Oostende,SLOW,B-3,19.4,64048.56,23.18,OtherCC,BE
LANGERBRUGGE STORA ST 1,SLOW,B-6,11.0,113160.0,38.64,Other,BE
LANGERBRUGGE STORA ST 2,SLOW,B-6,44.7,113160.0,38.64,Other,BE
Schaerbeek Siomab ST1,SLOW,B-8,15.0,113160.0,38.64,Other,BE
Schaerbeek Siomab ST2,SLOW,B-8,15.0,113160.0,38.64,Other,BE
Schaerbeek Siomab ST3,SLOW,B-8,15.0,113160.0,38.64,Other,BE
Wilrijk Isvag,SLOW,B-4,12.0,113160.0,38.64,Other,BE
Electrawinds biomassa Oostende,SLOW,B-3,18.0,113160.0,38.64,Other,BE
Greenpower Oostende,SLOW,B-3,20.0,113160.0,38.64,Other,BE
Incinerateur THUMAIDE (IPALLE),SLOW,B-12Avel,34.0,113160.0,38.64,Other,BE
Intradel Herstal,SLOW,B-11,34.0,113160.0,38.64,Other,BE
IVBO,SLOW,B-3,16.0,113160.0,38.64,Other,BE
Beveren 2 Indaver,SLOW,B-2,21.0,113160.0,38.64,Other,BE
Beveren 3 Indaver,SLOW,B-2,24.0,113160.0,38.64,Other,BE
Beveren Sleco,SLOW,B-2,41.0,113160.0,38.64,Other,BE
DOEL 1,SLOW,B_Zandvl,445.0,92000.0,9.1,Nuclear,BE
DOEL 2,SLOW,B_Zandvl,433.0,92000.0,9.1,Nuclear,BE
DOEL 3,SLOW,B_Zandvl,1006.0,92000.0,9.1,Nuclear,BE
DOEL 4,SLOW,B_Zandvl,1039.0,92000.0,9.1,Nuclear,BE
TIHANGE 1N,SLOW,B_15,481.0,92000.0,9.1,Nuclear,BE
TIHANGE 1S,SLOW,B_15,481.0,92000.0,9.1,Nuclear,BE
TIHANGE 2,SLOW,B_15,1008.0,92000.0,9.1,Nuclear,BE
TIHANGE 3,SLOW,B_15,1038.0,92000.0,9.1,Nuclear,BE
AALTER TJ,FAST,B-6,18.0,9333.0,155.5,Oil,BE
BEERSE TJ,FAST,B-5,32.0,9333.0,158.27,Oil,BE
CIERREUX TJ,FAST,B-18,18.0,9333.0,172.68,Oil,BE
IXELLES TJ,FAST,B-8,18.0,9333.0,143.99,Oil,BE
Noordschote TJ,FAST,B-9,18.0,9333.0,137.08,Oil,BE
Turon TJ,FAST,B-18,18.6,9333.0,153.58,Oil,BE
Zedelgem TJ,FAST,B-3,18.0,9333.0,152.86,Oil,BE
Zeebrugge TJ,FAST,B-3,18.0,9333.0,161.82,Oil,BE
Zelzate TJ,FAST,B-6,18.0,9333.0,170.74,Oil,BE
DROGENBOS DM 51,FAST,B-10,2.5,9333.0,172.03,Oil,BE
DROGENBOS DM 52,FAST,B-10,2.5,9333.0,152.52,Oil,BE
BNA1335c,SLOW,D_Connef,1.92,36800.0,27.6,Other,DE
BNA0245a,SLOW,D-29,52.0,113160.0,38.64,Other,DE
BNA0012a,SLOW,D-69,13.0,36800.0,27.6,Other,DE
BNA0021,SLOW,D_oberbr,9.8,113160.0,38.64,Other,DE
BNA0027,SLOW,D-52,138.9,36800.0,27.6,Other,DE
BNA0055,SLOW,D-47,16.0,36800.0,27.6,Other,DE
BNA0062,SLOW,D-57,18.3,36800.0,27.6,Other,DE
BNA0066,SLOW,D-88,17.7,36800.0,27.6,Other,DE
BNA0068,SLOW,D-47,16.5,36800.0,27.6,Other,DE
BNA0090,SLOW,D-19,20.0,113160.0,38.64,Other,DE
BNA0103,SLOW,D-96,18.1,113160.0,38.64,Other,DE
BNA0156a,SLOW,D-97,18.0,36800.0,27.6,Other,DE
BNA0232a,SLOW,E-211,13.2,36800.0,27.6,Other,DE
BNA0232b,SLOW,E-211,8.0,36800.0,27.6,Other,DE
BNA0244,SLOW,D-29,22.0,36800.0,27.6,Other,DE
BNA0250a,SLOW,D-48,10.6,36800.0,27.6,Other,DE
BNA0277,SLOW,D-155,12.6,113160.0,38.64,Other,DE
BNA0283,SLOW,D-153,12.4,36800.0,27.6,Other,DE
BNA0385,SLOW,D-78,12.1,36800.0,27.6,Other,DE
BNA0388,SLOW,D-108,20.0,36800.0,27.6,Other,DE
BNA0399,SLOW,D-23,20.0,36800.0,27.6,Other,DE
BNA0408,SLOW,D-74,14.5,113160.0,38.64,Other,DE
BNA0520,SLOW,D-192,78.0,36800.0,27.6,Other,DE
BNA0549,SLOW,D-47,17.1,113160.0,38.64,Other,DE
BNA0553,SLOW,D-190,15.13,36800.0,27.6,Other,DE
BNA0573,SLOW,D-49,22.0,113160.0,38.64,Other,DE
BNA0617,SLOW,D-104,20.0,113160.0,38.64,Other,DE
BNA0621,SLOW,D-70,18.1,36800.0,27.6,Other,DE
BNA0628,SLOW,D-9,9.8,36800.0,27.6,Other,DE
BNA0636,SLOW,D-177,17.9,113160.0,38.64,Other,DE
BNA0637,SLOW,D-177,40.0,36800.0,27.6,Other,DE
BNA0692,SLOW,D-170,15.6,36800.0,27.6,Other,DE
BNA0775,SLOW,D_Diele,20.0,113160.0,38.64,Other,DE
BNA0797,SLOW,D-199,12.3,36800.0,27.6,Other,DE
BNA0826,SLOW,D-104,15.0,36800.0,27.6,Other,DE
BNA0926a,SLOW,D-158,13.9934,36800.0,27.6,Other,DE
BNA1055,SLOW,D-155,6.7,36800.0,27.6,Other,DE
BNA1091,SLOW,D-209,18.3,36800.0,27.6,Other,DE
BNA1256,SLOW,D-19,13.3,36800.0,27.6,Other,DE
BNA1337b,SLOW,D-159,1.1,36800.0,27.6,Other,DE
BNA1337c,SLOW,D-159,0.8,36800.0,27.6,Other,DE
BNA1398,SLOW,D-25,18.6,36800.0,27.6,Other,DE
BNA1405b,SLOW,E-211,8.7,36800.0,27.6,Other,DE
BNA1405c,SLOW,E-211,4.5,36800.0,27.6,Other,DE
BNA1501,SLOW,E-204,14.0,36800.0,27.6,Other,DE
BNA1522,SLOW,D-19,17.8,36800.0,27.6,Other,DE
BNA0138,SLOW,D-55,43.3,46286.0,30.36,Coal,DE
BNA0270,SLOW,D-1,31.0,46286.0,29.92,Coal,DE
BNA0271,SLOW,D-1,33.0,46286.0,31.27,Coal,DE
BNA0272,SLOW,D-1,33.0,46286.0,33.59,Coal,DE
BNA0660,SLOW,D-95,55.56,46286.0,32.06,Coal,DE
BNA0662a,SLOW,D-95,68.4,46286.0,32.74,Coal,DE
BNA0662b,SLOW,D-95,169.32,46286.0,31.43,Coal,DE
BNA0019,SLOW,D-203,336.0,46286.0,32.33,Coal,DE
BNA0020,SLOW,D-203,433.0,46286.0,31.04,Coal,DE
BNA0067,SLOW,D-88,717.0,46286.0,51.09,Coal,DE
BNA0085a,SLOW,D-47,89.0,46286.0,32.21,Coal,DE
BNA0086,SLOW,D-47,282.0,46286.0,31.7,Coal,DE
BNA0087,SLOW,D-47,282.0,46286.0,31.06,Coal,DE
BNA0093,SLOW,D-180,726.0,46286.0,49.87,Coal,DE
BNA0144,SLOW,D-36,119.0,46286.0,29.44,Coal,DE
BNA0146,SLOW,D-31,303.0,46286.0,32.77,Coal,DE
BNA0147,SLOW,D-31,350.0,46286.0,51.61,Coal,DE
BNA0216a,SLOW,D-109,370.0,46286.0,30.91,Coal,DE
BNA0216b,SLOW,D-109,725.0,46286.0,31.85,Coal,DE
BNA0261b,SLOW,D-174,17.4,46286.0,29.27,Coal,DE
BNA0289b,SLOW,D-153,61.5,46286.0,33.02,Coal,DE
BNA0290,SLOW,D-153,61.5,46286.0,30.12,Coal,DE
BNA0331,SLOW,D-102,345.0,46286.0,31.8,Coal,DE
BNA0332,SLOW,D-102,345.0,46286.0,28.29,Coal,DE
BNA0336,SLOW,D-102,70.0,46286.0,30.77,Coal,DE
BNA0377,SLOW,D-152,510.0,46286.0,30.02,Coal,DE
BNA0402,SLOW,D-23,194.0,46286.0,32.48,Coal,DE
BNA0403,SLOW,D-20,123.0,46286.0,31.61,Coal,DE
BNA0404,SLOW,D-20,137.0,46286.0,29.54,Coal,DE
BNA0413c,SLOW,D-91,763.7,46286.0,49.0,Coal,DE
BNA0420,SLOW,D-60,136.0,46286.0,31.25,Coal,DE
BNA0421,SLOW,D-60,136.0,46286.0,30.69,Coal,DE
BNA0432,SLOW,D-186,125.0,46286.0,51.48,Coal,DE
BNA0433,SLOW,D-186,125.0,46286.0,51.98,Coal,DE
BNA0434,SLOW,D-186,778.0,46286.0,32.91,Coal,DE
BNA0450,SLOW,D-104,449.0,46286.0,32.83,Coal,DE
BNA0464,SLOW,D-53,690.0,46286.0,51.44,Coal,DE
BNA0493,SLOW,D-65,794.0,46286.0,30.11,Coal,DE
BNA0498,SLOW,D-153,66.0,46286.0,30.07,Coal,DE
BNA0510b,SLOW,D-178,13.4,46286.0,31.64,Coal,DE
BNA0518a,SLOW,D-192,517.0,46286.0,30.34,Coal,DE
BNA0518b,SLOW,D-192,834.0,46286.0,32.41,Coal,DE
BNA0557a,SLOW,D-109,26.0,46286.0,30.79,Coal,DE
BNA0557b,SLOW,D-109,110.0,46286.0,32.31,Coal,DE
BNA0600b,SLOW,D-109,103.0,46286.0,32.24,Coal,DE
BNA0644,SLOW,D-177,255.0,46286.0,30.42,Coal,DE
BNA0645,SLOW,D-177,425.0,46286.0,31.79,Coal,DE
BNA0646a,SLOW,D-177,435.0,46286.0,30.11,Coal,DE
BNA0646b,SLOW,D-177,843.0,46286.0,29.88,Coal,DE
BNA0758,SLOW,D-157,54.0,46286.0,30.46,Coal,DE
BNA0793,SLOW,D-54,875.0,46286.0,49.95,Coal,DE
BNA0801,SLOW,D-199,26.9,46286.0,29.93,Coal,DE
BNA0820,SLOW,D_185,655.6,46286.0,31.82,Coal,DE
BNA0849,SLOW,D-7,514.0,46286.0,31.52,Coal,DE
BNA0861b,SLOW,D_185,50.0,46286.0,31.18,Coal,DE
BNA0926b,SLOW,D-158,24.79,46286.0,33.91,Coal,DE
BNA0935,SLOW,D-196,45.0,46286.0,32.0,Coal,DE
BNA0936,SLOW,D-196,45.0,46286.0,31.13,Coal,DE
BNA0969b,SLOW,D-214,332.7,46286.0,32.16,Coal,DE
BNA0998,SLOW,D_185,179.0,46286.0,30.65,Coal,DE
BNA0999,SLOW,D_185,211.0,46286.0,28.31,Coal,DE
BNA1005,SLOW,D-196,96.0,46286.0,51.21,Coal,DE
BNA1006,SLOW,D-196,148.0,46286.0,51.46,Coal,DE
BNA1061,SLOW,D-22,757.0,46286.0,50.76,Coal,DE
BNA1075a,SLOW,D-112,61.5,46286.0,30.97,Coal,DE
BNA1075b,SLOW,D-51,61.5,46286.0,29.25,Coal,DE
BNA1076a,SLOW,D-112,138.5,46286.0,30.79,Coal,DE
BNA1076b,SLOW,D-51,138.5,46286.0,31.68,Coal,DE
BNA1093,SLOW,D-209,472.0,46286.0,29.15,Coal,DE
BNA1331,SLOW,D-101,19.0,46286.0,31.8,Coal,DE
BNA1405a,SLOW,E-211,20.7,46286.0,30.86,Coal,DE
BNA1500,SLOW,D-30,40.0,46286.0,31.79,Coal,DE
BNA1508,SLOW,D-104,735.0,46286.0,33.34,Coal,DE
BNA1558,SLOW,D-23,800.0,46286.0,29.79,Coal,DE
BNA1673,SLOW,D-23,800.0,46286.0,30.66,Coal,DE
BNA1674,SLOW,D-22,731.0,46286.0,49.79,Coal,DE
BNA0115,SLOW,D-99,875.0,101500.0,19.69,Lignite,DE
BNA0116,SLOW,D-99,875.0,101500.0,19.49,Lignite,DE
BNA0122,SLOW,D-83,465.0,101500.0,20.14,Lignite,DE
BNA0123,SLOW,D-83,465.0,101500.0,19.41,Lignite,DE
BNA0124,SLOW,D-83,857.0,101500.0,19.66,Lignite,DE
BNA0177,SLOW,D-117,56.8,101500.0,20.64,Lignite,DE
BNA0179,SLOW,D-117,90.8,101500.0,18.5,Lignite,DE
BNA0183,SLOW,D-68,74.0,101500.0,18.82,Lignite,DE
BNA0196,SLOW,D-114,67.0,101500.0,19.46,Lignite,DE
BNA0292,SLOW,D_Rommer,176.0,101500.0,19.94,Lignite,DE
BNA0313,SLOW,D-126,284.0,101500.0,20.53,Lignite,DE
BNA0314,SLOW,D-126,278.0,101500.0,39.41,Lignite,DE
BNA0439,SLOW,D-58,352.0,101500.0,38.99,Lignite,DE
BNA0489,SLOW,D-137,40.0,101500.0,20.14,Lignite,DE
BNA0490a,SLOW,D-137,0.0,101500.0,20.33,Lignite,DE
BNA0491,SLOW,D-137,98.0,101500.0,19.37,Lignite,DE
BNA0523,SLOW,D-112,33.5,101500.0,18.88,Lignite,DE
BNA0543,SLOW,D-123,75.3,101500.0,20.3,Lignite,DE
BNA0696,SLOW,D-126,294.0,101500.0,39.46,Lignite,DE
BNA0697,SLOW,D-126,294.0,101500.0,38.88,Lignite,DE
BNA0698,SLOW,D-126,292.0,101500.0,39.46,Lignite,DE
BNA0699,SLOW,D-126,607.0,101500.0,19.62,Lignite,DE
BNA0700,SLOW,D-126,604.0,101500.0,19.81,Lignite,DE
BNA0705,SLOW,D_Rommer,297.0,101500.0,19.3,Lignite,DE
BNA0706,SLOW,D_Rommer,299.0,101500.0,19.55,Lignite,DE
BNA0707,SLOW,D_Rommer,648.0,101500.0,19.04,Lignite,DE
BNA0708,SLOW,D_Rommer,628.0,101500.0,20.33,Lignite,DE
BNA0709,SLOW,D_Rommer,944.0,101500.0,19.98,Lignite,DE
BNA0712,SLOW,D_Rommer,295.0,101500.0,19.69,Lignite,DE
BNA0713,SLOW,D_Rommer,295.0,101500.0,39.87,Lignite,DE
BNA0714,SLOW,D_Rommer,15.0,101500.0,19.48,Lignite,DE
BNA0785,SLOW,D-68,465.0,101500.0,19.19,Lignite,DE
BNA0786,SLOW,D-68,465.0,101500.0,19.13,Lignite,DE
BNA0787,SLOW,D-68,465.0,101500.0,18.74,Lignite,DE
BNA0788,SLOW,D-68,465.0,101500.0,19.29,Lignite,DE
BNA0789,SLOW,D-68,465.0,101500.0,19.81,Lignite,DE
BNA0790,SLOW,D-68,465.0,101500.0,19.77,Lignite,DE
BNA0878,SLOW,D-85,450.0,101500.0,19.65,Lignite,DE
BNA0879,SLOW,D-85,450.0,101500.0,19.29,Lignite,DE
BNA0914,SLOW,D-83,750.0,101500.0,19.71,Lignite,DE
BNA0915,SLOW,D-83,750.0,101500.0,20.79,Lignite,DE
BNA1002,SLOW,D-114,31.0,101500.0,18.18,Lignite,DE
BNA1025,SLOW,D_Siersd,321.0,101500.0,39.26,Lignite,DE
BNA1026,SLOW,D_Siersd,321.0,101500.0,38.61,Lignite,DE
BNA1027,SLOW,D_Siersd,663.0,101500.0,18.95,Lignite,DE
BNA1028,SLOW,D_Siersd,656.0,101500.0,19.37,Lignite,DE
BNA1097,SLOW,D-136,19.5,101500.0,19.19,Lignite,DE
BNA1141,SLOW,D-137,14.5,101500.0,19.16,Lignite,DE
BNA1164,SLOW,D_Siersd,23.22,101500.0,19.39,Lignite,DE
BNA1185,SLOW,D-79,20.3,101500.0,19.11,Lignite,DE
BNA1293a,SLOW,D_Rommer,10.0,101500.0,19.76,Lignite,DE
BNA1293b,SLOW,D_Rommer,10.0,101500.0,19.81,Lignite,DE
BNA1400a,SLOW,D-114,23.3,101500.0,19.29,Lignite,DE
BNA1401a,SLOW,D-126,1060.0,101500.0,38.62,Lignite,DE
BNA1401b,SLOW,D-126,1060.0,101500.0,39.27,Lignite,DE
BNA1404,SLOW,D-83,640.0,101500.0,38.9,Lignite,DE
BNA1451,SLOW,D-109,27.5,101500.0,19.6,Lignite,DE
BNA1486,SLOW,D-85,45.0,101500.0,19.7,Lignite,DE
BNA1511a,SLOW,D-136,9.3,101500.0,20.09,Lignite,DE
BNA1864,SLOW,D-65,9.5,9333.0,144.38,Oil,DE
BNA1865,SLOW,D-65,9.8,9333.0,150.96,Oil,DE
BNA0059b,SLOW,D-112,78.0,16500.0,45.27,CCGT,DE
BNA0073,SLOW,D-47,444.0,16500.0,42.05,CCGT,DE
BNA0088a,SLOW,D-79,140.5,16500.0,46.97,CCGT,DE
BNA0100,SLOW,D-72,37.5,16500.0,42.91,CCGT,DE
BNA0105,SLOW,D-85,106.0,16500.0,46.15,CCGT,DE
BNA0130,FAST,D-45,160.0,16500.0,65.84,CCGT,DE
BNA0135,SLOW,D-55,20.0,16500.0,44.16,CCGT,DE
BNA0136,SLOW,D-55,74.0,16500.0,43.69,CCGT,DE
BNA0172a,SLOW,D_233,120.0,16500.0,44.22,CCGT,DE
BNA0199,SLOW,D-123,586.0,16500.0,44.9,CCGT,DE
BNA0207,SLOW,D-94,260.0,16500.0,44.59,CCGT,DE
BNA0214,SLOW,D-109,234.0,16500.0,44.82,CCGT,DE
BNA0220,SLOW,D-126,100.0,16500.0,43.17,CCGT,DE
BNA0256a,SLOW,D-118,76.5,16500.0,44.53,CCGT,DE
BNA0256b,SLOW,D-118,32.6,16500.0,44.95,CCGT,DE
BNA0261a,SLOW,D-174,21.6,16500.0,44.88,CCGT,DE
BNA0261c,SLOW,D-174,6.7,16500.0,45.21,CCGT,DE
BNA0284,SLOW,D-46,48.0,16500.0,43.72,CCGT,DE
BNA0293,SLOW,D_Eichst,38.6,16500.0,44.18,CCGT,DE
BNA0392b,SLOW,D-85,56.1,16500.0,44.77,CCGT,DE
BNA0400,SLOW,D-23,127.0,16500.0,46.38,CCGT,DE
BNA0410,FAST,D-88,407.0,16500.0,62.92,CCGT,DE
BNA0411,FAST,D-88,410.0,16500.0,64.54,CCGT,DE
BNA0418,SLOW,D-60,230.0,16500.0,43.41,CCGT,DE
BNA0442,FAST,D-108,417.0,16500.0,62.95,CCGT,DE
BNA0444,SLOW,D-124,69.0,16500.0,42.71,CCGT,DE
BNA0504,SLOW,D-129,182.0,16500.0,44.6,CCGT,DE
BNA0514,FAST,D-192,353.0,16500.0,64.34,CCGT,DE
BNA0531,FAST,D-72,125.0,16500.0,61.97,CCGT,DE
BNA0545,SLOW,D-123,413.0,16500.0,46.42,CCGT,DE
BNA0546,SLOW,D-123,108.0,16500.0,41.22,CCGT,DE
BNA0548a,FAST,D-137,800.0,16500.0,65.13,CCGT,DE
BNA0548b,FAST,D-137,430.0,16500.0,65.66,CCGT,DE
BNA0588,SLOW,D-99,167.0,16500.0,46.53,CCGT,DE
BNA0592,FAST,D-85,39.0,16500.0,67.02,CCGT,DE
BNA0593,SLOW,D-85,35.0,16500.0,45.54,CCGT,DE
BNA0594,SLOW,D-85,35.0,16500.0,43.85,CCGT,DE
BNA0595,SLOW,D-85,37.0,16500.0,46.19,CCGT,DE
BNA0602,SLOW,D-56,116.0,16500.0,44.5,CCGT,DE
BNA0603,SLOW,D-56,116.0,16500.0,43.3,CCGT,DE
BNA0604,SLOW,D-56,359.0,16500.0,42.58,CCGT,DE
BNA0605,SLOW,D-56,359.0,16500.0,43.85,CCGT,DE
BNA0606,SLOW,D-56,887.0,16500.0,44.17,CCGT,DE
BNA0614b,SLOW,D-177,497.5,16500.0,43.88,CCGT,DE
BNA0615,SLOW,D-177,410.0,16500.0,46.88,CCGT,DE
BNA0626,SLOW,D-155,434.2,16500.0,44.97,CCGT,DE
BNA0627,SLOW,D-155,335.0,16500.0,44.89,CCGT,DE
BNA0658,SLOW,D-95,61.13,16500.0,42.62,CCGT,DE
BNA0659,SLOW,D-95,77.57,16500.0,44.54,CCGT,DE
BNA0683a,SLOW,D-214,79.7,16500.0,44.48,CCGT,DE
BNA0683b,SLOW,D-214,97.9,16500.0,47.59,CCGT,DE
BNA0683c,SLOW,D-214,97.9,16500.0,43.04,CCGT,DE
BNA0684a,SLOW,D-214,124.9,16500.0,44.54,CCGT,DE
BNA0684b,SLOW,D-214,123.9,16500.0,45.67,CCGT,DE
BNA0684c,SLOW,D-214,127.6,16500.0,42.94,CCGT,DE
BNA0685,SLOW,D-76,104.14,16500.0,42.12,CCGT,DE
BNA0688,SLOW,D-8,75.0,16500.0,42.68,CCGT,DE
BNA0742,SLOW,D-174,75.0,16500.0,43.0,CCGT,DE
BNA0743,SLOW,D-174,75.0,16500.0,46.29,CCGT,DE
BNA0744,FAST,D-174,383.0,16500.0,65.63,CCGT,DE
BNA0745,FAST,D-174,440.0,16500.0,66.17,CCGT,DE
BNA0755a,SLOW,D-159,40.0,16500.0,45.13,CCGT,DE
BNA0755b,SLOW,D-159,60.0,16500.0,46.15,CCGT,DE
BNA0800,SLOW,D-199,41.2,16500.0,43.85,CCGT,DE
BNA0805,SLOW,D-231,118.5,16500.0,45.83,CCGT,DE
BNA0848,SLOW,D-7,108.0,16500.0,45.64,CCGT,DE
BNA0857,SLOW,D-155,112.1,16500.0,45.07,CCGT,DE
BNA0861a,SLOW,D_185,75.0,16500.0,44.43,CCGT,DE
BNA0893,SLOW,D-82,122.0,16500.0,44.5,CCGT,DE
BNA0918b,SLOW,D-18,157.0,16500.0,44.49,CCGT,DE
BNA0922,SLOW,D-79,100.0,16500.0,45.68,CCGT,DE
BNA0994,FAST,D-190,846.0,16500.0,64.48,CCGT,DE
BNA0995,FAST,D-190,561.0,16500.0,62.94,CCGT,DE
BNA1039,FAST,D-88,55.0,16500.0,65.8,CCGT,DE
BNA1040,FAST,D-88,55.0,16500.0,61.63,CCGT,DE
BNA1044,FAST,D-88,355.0,16500.0,66.85,CCGT,DE
BNA1045,FAST,D-88,355.0,16500.0,62.43,CCGT,DE
BNA1082,SLOW,D-110,88.019,16500.0,43.74,CCGT,DE
BNA1183,SLOW,D-123,15.8,16500.0,43.41,CCGT,DE
BNA1196b,SLOW,D-177,11.96,16500.0,45.54,CCGT,DE
BNA1329,SLOW,D-113,13.11,16500.0,42.35,CCGT,DE
BNA1334,SLOW,D-31,14.8,16500.0,43.23,CCGT,DE
BNA1337e,SLOW,D-159,47.0,16500.0,46.05,CCGT,DE
BNA1450,SLOW,D-53,13.0,16500.0,43.41,CCGT,DE
BNA1523a,SLOW,D-144,11.4,16500.0,45.6,CCGT,DE
BNA1523b,SLOW,D-144,27.4,16500.0,42.24,CCGT,DE
BNA1817,SLOW,D-126,595.0,16500.0,45.39,CCGT,DE
BNA1819,SLOW,D-1,78.0,16500.0,44.94,CCGT,DE
BNA1820,FAST,D-31,444.5,16500.0,63.91,CCGT,DE
BNA0556b,SLOW,D-109,14.0,9333.0,90.54,OCGT,DE
BNA0832,SLOW,D-208,9.84,9333.0,89.52,OCGT,DE
BNA0842a,SLOW,D-216,9.81,9333.0,86.26,OCGT,DE
BNA0842b,SLOW,D-216,9.2,9333.0,90.12,OCGT,DE
BNA0843,SLOW,D-216,4.3,9333.0,86.69,OCGT,DE
BNA0005,FAST,D-35,37.5,9333.0,106.55,OCGT,DE
BNA0006,FAST,D-35,37.5,9333.0,108.29,OCGT,DE
BNA0007,FAST,D-35,37.5,9333.0,109.08,OCGT,DE
BNA0008,FAST,D-35,37.5,9333.0,109.21,OCGT,DE
BNA0015,SLOW,D-203,65.0,9333.0,90.64,OCGT,DE
BNA0016,FAST,D-203,50.0,9333.0,108.58,OCGT,DE
BNA0017,FAST,D-203,57.0,9333.0,104.95,OCGT,DE
BNA0018,FAST,D-203,81.0,9333.0,107.21,OCGT,DE
BNA0033,SLOW,D-210,30.7,9333.0,89.58,OCGT,DE
BNA0137,SLOW,D-55,25.0,9333.0,89.09,OCGT,DE
BNA0156b,SLOW,D-97,13.5,9333.0,85.78,OCGT,DE
BNA0221a,FAST,D-126,64.7,9333.0,109.93,OCGT,DE
BNA0221b,FAST,D-126,66.7,9333.0,110.74,OCGT,DE
BNA0239,FAST,D-31,321.0,9333.0,109.5,OCGT,DE
BNA0360,SLOW,D-8,14.7,9333.0,86.94,OCGT,DE
BNA0574a,FAST,D-49,56.0,9333.0,102.92,OCGT,DE
BNA0614a,SLOW,D-177,47.0,9333.0,86.4,OCGT,DE
BNA0734,FAST,D-47,37.5,9333.0,107.67,OCGT,DE
BNA0738,FAST,D-47,36.5,9333.0,104.48,OCGT,DE
BNA0739,FAST,D-47,36.5,9333.0,109.91,OCGT,DE
BNA0740,FAST,D-47,36.5,9333.0,108.3,OCGT,DE
BNA0741,FAST,D-47,36.5,9333.0,105.36,OCGT,DE
BNA1023,FAST,D_Siersd,200.0,9333.0,111.06,OCGT,DE
BNA1024,FAST,D_Siersd,200.0,9333.0,100.41,OCGT,DE
BNA1046b,FAST,D-88,112.0,9333.0,104.02,OCGT,DE
BNA1087,SLOW,D-163,29.5,9333.0,85.39,OCGT,DE
BNA1088,SLOW,D-163,44.5,9333.0,82.05,OCGT,DE
BNA1120,SLOW,D-104,10.2,9333.0,87.2,OCGT,DE
BNA1125,SLOW,D-157,10.0,9333.0,87.4,OCGT,DE
BNA1279,SLOW,D-137,51.9,9333.0,87.54,OCGT,DE
BNA1437,SLOW,D-18,30.72,9333.0,92.05,OCGT,DE
BNA1444a,SLOW,D-174,4.2,9333.0,87.49,OCGT,DE
BNA1444b,SLOW,D-174,4.2,9333.0,88.16,OCGT,DE
BNA1444c,SLOW,D-174,5.1,9333.0,91.2,OCGT,DE
BNA1444d,SLOW,D-174,5.1,9333.0,85.29,OCGT,DE
BNA1487,FAST,D-157,94.6,9333.0,109.15,OCGT,DE
BNA1863,SLOW,D_185,19.5,9333.0,87.55,OCGT,DE
BNA0012b,SLOW,D-69,11.0,9333.0,87.21,OCGT,DE
BNA0025,SLOW,D-8,15.1,9333.0,88.64,OCGT,DE
BNA0051,SLOW,D-70,17.8,9333.0,86.94,OCGT,DE
BNA0074,SLOW,D-47,144.0,9333.0,88.79,OCGT,DE
BNA0081,SLOW,D-47,164.0,9333.0,87.94,OCGT,DE
BNA0098,SLOW,D-72,23.0,9333.0,86.66,OCGT,DE
BNA0101,SLOW,D-72,41.0,9333.0,87.76,OCGT,DE
BNA0111,SLOW,D-104,44.0,9333.0,87.3,OCGT,DE
BNA0117b,SLOW,D-137,95.0,9333.0,87.02,OCGT,DE
BNA0129,SLOW,D-82,36.0,9333.0,90.71,OCGT,DE
BNA0172b,SLOW,D_233,50.0,9333.0,87.13,OCGT,DE
BNA0174,SLOW,D_233,73.1,9333.0,87.03,OCGT,DE
BNA0178,SLOW,D-117,57.2,9333.0,82.75,OCGT,DE
BNA0194,SLOW,D-70,39.0,9333.0,86.35,OCGT,DE
BNA0202,SLOW,D-108,26.0,9333.0,90.57,OCGT,DE
BNA0213,SLOW,D-109,40.0,9333.0,84.43,OCGT,DE
BNA0232c,SLOW,E-211,4.0,9333.0,91.61,OCGT,DE
BNA0233,SLOW,D-92,46.6,9333.0,88.88,OCGT,DE
BNA0243,SLOW,D-151,57.0,9333.0,83.57,OCGT,DE
BNA0245b,FAST,D-29,433.0,9333.0,109.9,OCGT,DE
BNA0285,SLOW,D-153,70.0,9333.0,91.06,OCGT,DE
BNA0286,SLOW,D-153,99.0,9333.0,90.66,OCGT,DE
BNA0354,SLOW,D-96,18.8,9333.0,89.9,OCGT,DE
BNA0361,SLOW,D_kuhmoo,30.0,9333.0,87.92,OCGT,DE
BNA0374,FAST,D-152,572.0,9333.0,105.44,OCGT,DE
BNA0386,SLOW,D-78,25.0,9333.0,88.97,OCGT,DE
BNA0389,FAST,D-108,230.0,9333.0,103.13,OCGT,DE
BNA0392a,SLOW,D-85,97.0,9333.0,92.67,OCGT,DE
BNA0401,SLOW,D-23,22.5,9333.0,92.55,OCGT,DE
BNA0419,SLOW,D-60,102.0,9333.0,83.42,OCGT,DE
BNA0497,SLOW,D-153,96.5,9333.0,87.23,OCGT,DE
BNA0499,SLOW,D-153,86.0,9333.0,87.82,OCGT,DE
BNA0510a,SLOW,D-178,11.6,9333.0,88.09,OCGT,DE
BNA0515,SLOW,D-192,37.0,9333.0,89.15,OCGT,DE
BNA0521,SLOW,D-112,48.31,9333.0,90.15,OCGT,DE
BNA0527,SLOW,D-4,21.5,9333.0,89.18,OCGT,DE
BNA0556a,SLOW,D-109,25.8,9333.0,83.21,OCGT,DE
BNA0574b,FAST,D-49,431.0,9333.0,107.54,OCGT,DE
BNA0600a,SLOW,D-123,25.0,9333.0,89.94,OCGT,DE
BNA0702,SLOW,D-190,25.4,9333.0,83.47,OCGT,DE
BNA0752,SLOW,D-109,23.1,9333.0,86.91,OCGT,DE
BNA0804,SLOW,D-124,52.0,9333.0,87.55,OCGT,DE
BNA0814,SLOW,D-47,81.8,9333.0,85.86,OCGT,DE
BNA0834,SLOW,D-100,79.0,9333.0,90.29,OCGT,DE
BNA0856,SLOW,D-135,26.5,9333.0,84.61,OCGT,DE
BNA0896,SLOW,D-15,44.9,9333.0,88.89,OCGT,DE
BNA0897,SLOW,D-15,23.0,9333.0,85.92,OCGT,DE
BNA0957,SLOW,D-208,13.4,9333.0,88.35,OCGT,DE
BNA1042,FAST,D-88,55.0,9333.0,107.42,OCGT,DE
BNA1043,FAST,D-88,355.0,9333.0,113.06,OCGT,DE
BNA1056,SLOW,D-155,25.015,9333.0,88.36,OCGT,DE
BNA1074,FAST,D-85,40.0,9333.0,107.04,OCGT,DE
BNA1078,SLOW,D-192,59.0,9333.0,89.56,OCGT,DE
BNA1085,SLOW,D-163,23.0,9333.0,87.13,OCGT,DE
BNA1086,SLOW,D-163,25.0,9333.0,85.04,OCGT,DE
BNA1089,SLOW,D-52,27.0,9333.0,86.91,OCGT,DE
BNA1094,SLOW,D-136,15.1,9333.0,90.84,OCGT,DE
BNA1103,SLOW,D-210,29.0,9333.0,89.28,OCGT,DE
BNA1104,SLOW,D-210,20.4,9333.0,88.41,OCGT,DE
BNA1105,SLOW,D-118,9.7,9333.0,86.16,OCGT,DE
BNA1117,SLOW,D-158,11.4,9333.0,87.87,OCGT,DE
BNA1121,SLOW,D-104,0.9,9333.0,88.59,OCGT,DE
BNA1131,SLOW,D-136,14.0,9333.0,86.47,OCGT,DE
BNA1138,SLOW,D-123,10.2,9333.0,88.83,OCGT,DE
BNA1151,SLOW,D-177,13.5,9333.0,87.16,OCGT,DE
BNA1165,SLOW,D-93,11.4,9333.0,93.15,OCGT,DE
BNA1182,SLOW,D-123,15.5,9333.0,90.37,OCGT,DE
BNA1187,SLOW,D-71,10.2,9333.0,87.81,OCGT,DE
BNA1193,SLOW,D-71,12.6,9333.0,86.23,OCGT,DE
BNA1196a,SLOW,D-177,12.5,9333.0,90.74,OCGT,DE
BNA1238,SLOW,D-216,15.1,9333.0,89.89,OCGT,DE
BNA1248a,SLOW,D_oberbr,64.0,9333.0,87.46,OCGT,DE
BNA1248b,SLOW,D_oberbr,76.0,9333.0,88.68,OCGT,DE
BNA1260,SLOW,D-208,95.0,9333.0,89.24,OCGT,DE
BNA1264,SLOW,D-134,13.5,9333.0,86.89,OCGT,DE
BNA1271,SLOW,D-124,20.0,9333.0,90.6,OCGT,DE
BNA1284,SLOW,D-165/16,11.5,9333.0,83.56,OCGT,DE
BNA1285,SLOW,D-59,11.0,9333.0,84.96,OCGT,DE
BNA1292b,SLOW,E-204,18.9,9333.0,89.64,OCGT,DE
BNA1293c,SLOW,D_Rommer,3.0,9333.0,87.89,OCGT,DE
BNA1315,SLOW,D_Eichst,27.0,9333.0,88.7,OCGT,DE
BNA1327a,SLOW,D-209,9.5,9333.0,85.89,OCGT,DE
BNA1327b,SLOW,D-209,7.44,9333.0,84.17,OCGT,DE
BNA1328,SLOW,D-216,24.0,9333.0,89.49,OCGT,DE
BNA1332,SLOW,D-109,24.0,9333.0,85.32,OCGT,DE
BNA1333a,SLOW,D-196,12.181,9333.0,82.39,OCGT,DE
BNA1333b,SLOW,D-196,11.3377,9333.0,88.1,OCGT,DE
BNA1333c,SLOW,D-196,11.6188,9333.0,90.04,OCGT,DE
BNA1335a,SLOW,D_Connef,58.1,9333.0,85.93,OCGT,DE
BNA1335b,FAST,D_Connef,0.48,9333.0,109.66,OCGT,DE
BNA1336,SLOW,D-123,84.0,9333.0,92.19,OCGT,DE
BNA1396,SLOW,D-94,34.3,9333.0,86.8,OCGT,DE
BNA1400b,FAST,D-114,23.3,9333.0,107.73,OCGT,DE
BNA1402,SLOW,D-42,18.1,9333.0,92.08,OCGT,DE
BNA1403,SLOW,D-51,11.4,9333.0,89.04,OCGT,DE
BNA1406,SLOW,D-126,18.879,9333.0,92.49,OCGT,DE
BNA1407,SLOW,D-122,18.72,9333.0,86.05,OCGT,DE
BNA1408,SLOW,D_kuhmoo,15.68,9333.0,87.72,OCGT,DE
BNA1464,SLOW,D_185,38.61,9333.0,90.78,OCGT,DE
BNA1465d,SLOW,D-106,13.2,9333.0,80.71,OCGT,DE
BNA1489,SLOW,D-52,13.2,9333.0,92.14,OCGT,DE
BNA1492a,SLOW,D-139,26.2,9333.0,82.48,OCGT,DE
BNA1492b,SLOW,D-139,7.5,9333.0,86.47,OCGT,DE
BNA1498,SLOW,D-60,30.6,9333.0,87.31,OCGT,DE
BNA1499,SLOW,D-64,17.11,9333.0,85.84,OCGT,DE
BNA1502,SLOW,D-109,12.6,9333.0,85.62,OCGT,DE
BNA1503,SLOW,D-109,21.1,9333.0,86.52,OCGT,DE
BNA1504,SLOW,D-192,13.04,9333.0,85.33,OCGT,DE
BNA1505,SLOW,D-118,22.1,9333.0,89.69,OCGT,DE
BNA1506,FAST,D-58,23.4,9333.0,107.59,OCGT,DE
BNA1509,SLOW,D-56,66.0,9333.0,87.14,OCGT,DE
BNA1516,SLOW,D-177,30.0,9333.0,85.57,OCGT,DE
BNA1523d,SLOW,D-144,8.4,9333.0,88.43,OCGT,DE
BNA1524,SLOW,D-33,12.75,9333.0,90.47,OCGT,DE
BNA1531,SLOW,D-3,38.0,9333.0,87.2,OCGT,DE
BNA1541,SLOW,D-122,13.4,9333.0,88.27,OCGT,DE
BNA1658,SLOW,D-71,10.1,9333.0,83.47,OCGT,DE
BNA1676,SLOW,D-95,60.76,9333.0,81.62,OCGT,DE
BNA1677,SLOW,D-55,10.4,9333.0,90.07,OCGT,DE
BNA1678,SLOW,D-209,16.8,9333.0,88.14,OCGT,DE
BNA1818,SLOW,D-123,459.9,9333.0,85.5,OCGT,DE
BNA1821,SLOW,D-47,15.0,9333.0,89.95,OCGT,DE
BNA1859,SLOW,D-185,22.0,9333.0,86.28,OCGT,DE
BNA1861,SLOW,D-187,10.6,9333.0,85.96,OCGT,DE
BNA1862,SLOW,D-187,2.65,9333.0,84.62,OCGT,DE
BNA1868,SLOW,D-153,38.7,9333.0,86.48,OCGT,DE
BNA1873,SLOW,D-193,16.0,9333.0,86.44,OCGT,DE
BNA1904,SLOW,D-1,29.0,9333.0,88.41,OCGT,DE
BNA1909,SLOW,D-196,29.151,9333.0,87.82,OCGT,DE
BNA1911,SLOW,D-94,11.5,9333.0,92.46,OCGT,DE
BNA1925,SLOW,D-114,17.3,9333.0,91.25,OCGT,DE
BNA1926,SLOW,D-114,22.1,9333.0,84.2,OCGT,DE
BNA1927,SLOW,D-118,10.0,9333.0,85.56,OCGT,DE
BNA1934,SLOW,D-206,17.6,9333.0,86.07,OCGT,DE
BNA1935,SLOW,D-47,289.0,9333.0,86.08,OCGT,DE
BNA1937,SLOW,D-153,38.7,9333.0,86.66,OCGT,DE
BNA1938,SLOW,D-194,15.0,9333.0,89.75,OCGT,DE
BNA1944,SLOW,D-193,13.5,9333.0,85.24,OCGT,DE
BNA1945,SLOW,D-4,188.0,9333.0,92.34,OCGT,DE
BNA1946,SLOW,D-214,13.5,9333.0,83.4,OCGT,DE
BNa1947,SLOW,D-214,13.6,9333.0,89.18,OCGT,DE
BNA0157,SLOW,D-10,1410.0,92000.0,9.1,Nuclear,DE
BNA0251,SLOW,D-74,1360.0,92000.0,9.1,Nuclear,DE
BNA0263,SLOW,D-206,1410.0,92000.0,9.1,Nuclear,DE
BNA0382,SLOW,E-204,1288.0,92000.0,9.1,Nuclear,DE
BNA0607,SLOW,D-56,1336.0,92000.0,9.1,Nuclear,DE
BNA0686,SLOW,D-186,1310.0,92000.0,9.1,Nuclear,DE
BNA0547,SLOW,D-137,97.1,16500.0,74.59,OilCC,DE
BNA0596,SLOW,D-85,92.5,16500.0,75.47,OilCC,DE
BNA0648,FAST,D-196,85.0,16500.0,93.25,OilCC,DE
BNA0649,FAST,D-196,263.5,16500.0,89.93,OilCC,DE
BNA1083,FAST,D-110,60.0,16500.0,86.85,OilCC,DE
BNA0083,SLOW,D-47,184.0,9333.0,155.41,Oil,DE
BNA0083,SLOW,D-47,92.0,9333.0,133.65,Oil,DE
BNA0085b,FAST,D-47,34.0,9333.0,159.08,Oil,DE
BNA0085b,FAST,D-47,17.0,9333.0,169.87,Oil,DE
BNA0141,FAST,D-31,86.0,9333.0,157.66,Oil,DE
BNA0222,FAST,D-126,86.2,9333.0,164.19,Oil,DE
BNA0373,FAST,D-85,120.0,9333.0,176.71,Oil,DE
BNA0427,FAST,D-216,23.4,9333.0,155.85,Oil,DE
BNA0428,FAST,D-216,23.4,9333.0,157.24,Oil,DE
BNA0429,FAST,D-216,23.4,9333.0,181.5,Oil,DE
BNA0430,FAST,D-216,23.4,9333.0,180.97,Oil,DE
BNA0647,FAST,D-196,77.4,9333.0,156.45,Oil,DE
BNA1004,FAST,D-196,136.0,9333.0,158.98,Oil,DE
BNA1007a,FAST,D-224,24.0,9333.0,162.64,Oil,DE
BNA1015,FAST,D-20,50.5,9333.0,157.66,Oil,DE
BNA1016,FAST,D-20,50.5,9333.0,153.14,Oil,DE
BNA1060,FAST,D-22,56.0,9333.0,166.16,Oil,DE
BNA1092,FAST,D-209,50.0,9333.0,162.5,Oil,DE
BNA0318,FAST,D-139,24.8,9333.0,168.78,Oil,DE
BNA0369,FAST,D-103,17.0,9333.0,160.42,Oil,DE
BNA0378,FAST,D-190,386.0,9333.0,169.3,Oil,DE
BNA0379,FAST,D-190,386.0,9333.0,164.85,Oil,DE
BNA0516,SLOW,D-192,45.0,9333.0,143.43,Oil,DE
BNA0517,SLOW,D-192,25.0,9333.0,145.12,Oil,DE
BNA0759,FAST,D-10,88.0,9333.0,155.19,Oil,DE
BNA0766,FAST,D-6,87.0,9333.0,162.38,Oil,DE
BNA0894a,SLOW,D-19,28.0,9333.0,127.47,Oil,DE
BNA0894b,FAST,D-19,34.5,9333.0,153.91,Oil,DE
BNA0894c,SLOW,D-19,106.0,9333.0,133.26,Oil,DE
BNA0894d,SLOW,D-19,106.0,9333.0,161.47,Oil,DE
BNA0894e,FAST,D-19,59.0,9333.0,161.85,Oil,DE
BNA0937,FAST,D-196,23.3,9333.0,157.87,Oil,DE
BNA0938,FAST,D-196,23.3,9333.0,171.26,Oil,DE
BNA0939b,FAST,D-196,23.3,9333.0,168.73,Oil,DE
BNA0993,FAST,D-190,415.0,9333.0,184.62,Oil,DE
BNA1007b,FAST,D-224,10.5,9333.0,167.86,Oil,DE
BNA1036,FAST,D-111,206.0,9333.0,153.96,Oil,DE
BNA1166,FAST,D-100,4.8,9333.0,142.25,Oil,DE
BNA1212,FAST,D-219,11.4,9333.0,161.6,Oil,DE
BNA1227,FAST,D_leupol,11.4,9333.0,155.99,Oil,DE
BNA1280,SLOW,D-137,90.0,9333.0,140.13,Oil,DE
BNA1293d,FAST,D_Rommer,0.8,9333.0,161.09,Oil,DE
BNA1337d,FAST,D-159,0.5,9333.0,167.23,Oil,DE
BNA0997,SLOW,D_185,42.0,36800.0,27.6,Other,DE
BNA0492,SLOW,D-65,33.4,113160.0,38.64,Other,DE
BNA0485,SLOW,D-109,303.0,20828.8,16.56,OtherCC,DE
BNA0486,SLOW,D-109,303.0,20828.8,16.56,OtherCC,DE
BNA0597,SLOW,D-85,8.7,20828.8,16.56,OtherCC,DE
BNA0598b,SLOW,D-85,20.0,64048.56,23.18,OtherCC,DE
BNA0616b,SLOW,D-200,87.5,20828.8,16.56,OtherCC,DE
BNA1397a,SLOW,D-123,15.5,36800.0,27.6,Other,DE
BNA1397b,SLOW,D-123,19.2,36800.0,27.6,Other,DE
BNA1397c,SLOW,D-123,15.5,36800.0,27.6,Other,DE
BNA1397d,SLOW,D-123,10.4,113160.0,38.64,Other,DE
BNA1397e,SLOW,D-123,33.6,36800.0,27.6,Other,DE
BNA0142,SLOW,D-31,160.0,113160.0,38.64,Other,DE
BNA0217,SLOW,D-109,60.0,36800.0,27.6,Other,DE
BNA0218,SLOW,D-109,95.0,36800.0,27.6,Other,DE
BNA0219,SLOW,D-109,170.0,36800.0,27.6,Other,DE
BNA0237,SLOW,D-62,23.5,36800.0,27.6,Other,DE
BNA0238a,SLOW,D-62,45.0,36800.0,27.6,Other,DE
BNA0238b,SLOW,D-62,56.0,36800.0,27.6,Other,DE
BNA0395,SLOW,D-109,59.0,36800.0,27.6,Other,DE
BNA0396,SLOW,D-109,101.0,36800.0,27.6,Other,DE
BNA0397,SLOW,D-109,225.0,36800.0,27.6,Other,DE
BNA0598a,SLOW,D-79,14.0,36800.0,27.6,Other,DE
BNA0693,SLOW,D-14,53.6,36800.0,27.6,Other,DE
BNA0863,SLOW,D-55,94.5,36800.0,27.6,Other,DE
BNA0864,SLOW,D-55,97.0,36800.0,27.6,Other,DE
BNA0865b,SLOW,D-55,97.0,36800.0,27.6,Other,DE
BNA1115,SLOW,D-185,85.0,36800.0,27.6,Other,DE
BNA1249,SLOW,D_oberbr,6.0,36800.0,27.6,Other,DE
BNA1399,SLOW,D-109,38.0,36800.0,27.6,Other,DE
BNA1409,SLOW,D-109,21.0,36800.0,27.6,Other,DE
BNA1465a,SLOW,D-106,28.0,36800.0,27.6,Other,DE
BNA1523c,SLOW,D-144,10.3,36800.0,27.6,Other,DE
BNA1526,SLOW,D-12,44.5,36800.0,27.6,Other,DE
BNA1870,SLOW,D-137,26.5,113160.0,38.64,Other,DE
BNA1874,SLOW,D-99,12.5,113160.0,38.64,Other,DE
BNA1811,SLOW,D-104,15.0,113160.0,38.64,Other,DE
BNA1812,SLOW,D_185,15.0,113160.0,38.64,Other,DE
BNA1813,SLOW,D-104,15.0,113160.0,38.64,Other,DE
BNA1814,SLOW,D_185,15.0,113160.0,38.64,Other,DE
BNA1815,SLOW,D-109,15.0,113160.0,38.64,Other,DE
BNA1816,SLOW,D-180,15.0,113160.0,38.64,Other,DE
BNA1827,SLOW,D-15,12.5,113160.0,38.64,Other,DE
BNA1936,SLOW,D-36,18.0,36800.0,27.6,Other,DE
BNA1939,SLOW,D-224,16.0,113160.0,38.64,Other,DE
BNA1942,SLOW,D-1,48.0,113160.0,38.64,Other,DE
BNA0088b,SLOW,D-79,35.0,20828.8,16.56,OtherCC,DE
BNA0746,SLOW,D-174,18.0,20828.8,16.56,OtherCC,DE
BNA0084,SLOW,D-47,36.0,36800.0,27.6,Other,DE
BNA0097,SLOW,D-72,34.0,36800.0,27.6,Other,DE
BNA0117a,SLOW,D-137,12.0,36800.0,27.6,Other,DE
BNA0139,SLOW,D-31,33.0,113160.0,38.64,Other,DE
BNA0223a,SLOW,D-126,48.9,113160.0,38.64,Other,DE
BNA0223b,SLOW,D-126,53.7,36800.0,27.6,Other,DE
BNA0287a,SLOW,D-153,26.0,36800.0,27.6,Other,DE
BNA0287b,SLOW,D-153,46.5,36800.0,27.6,Other,DE
BNA0380,SLOW,D-82,23.3,36800.0,27.6,Other,DE
BNA0398,SLOW,D-23,24.0,36800.0,27.6,Other,DE
BNA0407,SLOW,D-74,13.2,36800.0,27.6,Other,DE
BNA0417,SLOW,D-60,22.5,113160.0,38.64,Other,DE
BNA0438,SLOW,D-58,37.5,113160.0,38.64,Other,DE
BNA0519,SLOW,D-102,38.0,36800.0,27.6,Other,DE
BNA0590,SLOW,D-85,16.25,113160.0,38.64,Other,DE
BNA0591,SLOW,D-85,16.25,113160.0,38.64,Other,DE
BNA0616a,SLOW,D-200,12.0,36800.0,27.6,Other,DE
BNA0622,SLOW,D-52,29.2,36800.0,27.6,Other,DE
BNA0623,SLOW,D-52,29.2,36800.0,27.6,Other,DE
BNA0640,SLOW,D-177,8.65,113160.0,38.64,Other,DE
BNA0641a,SLOW,D-177,22.1,36800.0,27.6,Other,DE
BNA0641b,SLOW,D-177,5.37,36800.0,27.6,Other,DE
BNA0641c,SLOW,D-177,3.88,36800.0,27.6,Other,DE
BNA0750,SLOW,D-109,40.4,36800.0,27.6,Other,DE
BNA0751,SLOW,D-109,21.1,36800.0,27.6,Other,DE
BNA0845,SLOW,D-216,9.0,36800.0,27.6,Other,DE
BNA0855,SLOW,D-41,30.0,113160.0,38.64,Other,DE
BNA0895,SLOW,D-154,24.4,36800.0,27.6,Other,DE
BNA0939a,SLOW,D-196,19.5,36800.0,27.6,Other,DE
BNA0969a,SLOW,D-214,18.0,36800.0,27.6,Other,DE
BNA0969c,SLOW,D-214,22.0,36800.0,27.6,Other,DE
BNA1020,SLOW,D_Siersd,27.0,113160.0,38.64,Other,DE
BNA1108,SLOW,D-85,9.9,36800.0,27.6,Other,DE
BNA1110,SLOW,D-208,9.5,113160.0,38.64,Other,DE
BNA1114,SLOW,D-36,44.0,36800.0,27.6,Other,DE
BNA1116,SLOW,D-24,14.0,36800.0,27.6,Other,DE
BNA1119,SLOW,D_233,12.5,113160.0,38.64,Other,DE
BNA1139,SLOW,D_Eichst,13.6,36800.0,27.6,Other,DE
BNA1144,SLOW,D-201,11.0,36800.0,27.6,Other,DE
BNA1148,SLOW,D-88,14.6,36800.0,27.6,Other,DE
BNA1154,SLOW,D-104,15.5,36800.0,27.6,Other,DE
BNA1155,SLOW,D-104,11.7,113160.0,38.64,Other,DE
BNA1161,SLOW,D-190,25.5,36800.0,27.6,Other,DE
BNA1167,SLOW,D-100,16.0,36800.0,27.6,Other,DE
BNA1168,SLOW,D-106,14.7,36800.0,27.6,Other,DE
BNA1184,SLOW,D-123,45.1,36800.0,27.6,Other,DE
BNA1186a,SLOW,D-109,13.5,36800.0,27.6,Other,DE
BNA1186b,SLOW,D-109,13.8,113160.0,38.64,Other,DE
BNA1186c,SLOW,D-109,1.5,36800.0,27.6,Other,DE
BNA1186d,SLOW,D-109,2.8,36800.0,27.6,Other,DE
BNA1186e,SLOW,D-109,1.5,36800.0,27.6,Other,DE
BNA1190,SLOW,D-94,15.7,36800.0,27.6,Other,DE
BNA1197,SLOW,D-177,28.0,36800.0,27.6,Other,DE
BNA1198,SLOW,D-114,23.0,36800.0,27.6,Other,DE
BNA1199,SLOW,D-155,15.6,36800.0,27.6,Other,DE
BNA1222,SLOW,D-157,14.5,36800.0,27.6,Other,DE
BNA1229,SLOW,D-178,15.0,36800.0,27.6,Other,DE
BNA1232,SLOW,D-45,2.5,113160.0,38.64,Other,DE
BNA1233,SLOW,D-45,14.5,36800.0,27.6,Other,DE
BNA1243,SLOW,D-7,17.0,36800.0,27.6,Other,DE
BNA1244,SLOW,D_185,16.0,113160.0,38.64,Other,DE
BNA1254,SLOW,D-183,54.0,36800.0,27.6,Other,DE
BNA1255,SLOW,D-19,28.9,36800.0,27.6,Other,DE
BNA1262,SLOW,D-79,24.0,36800.0,27.6,Other,DE
BNA1286,SLOW,D-134,12.1,36800.0,27.6,Other,DE
BNA1289,SLOW,D-111,12.61,36800.0,27.6,Other,DE
BNA1291,SLOW,D-144,12.5,36800.0,27.6,Other,DE
BNA1295,SLOW,D-210,10.0,36800.0,27.6,Other,DE
BNA1316,SLOW,D-110,30.0,36800.0,27.6,Other,DE
BNA1330,SLOW,D-16,17.0,36800.0,27.6,Other,DE
BNA1448,SLOW,D_185,11.6,36800.0,27.6,Other,DE
BNA1449a,SLOW,D-163,8.7,36800.0,27.6,Other,DE
BNA1449b,SLOW,D-163,12.0,36800.0,27.6,Other,DE
BNA1490,SLOW,D-137,33.4,36800.0,27.6,Other,DE
BNA1510,SLOW,D-83,18.7,36800.0,27.6,Other,DE
BNA1520,SLOW,D-155,10.5,36800.0,27.6,Other,DE
BNA1867,SLOW,D-123,18.0,113160.0,38.64,Other,DE
PROVENCE 4 BIOMASSE,SLOW,F-299,150.0,113160.0,38.64,Other,FR
CORDEMAIS 4,SLOW,F-160,580.0,46286.0,49.76,Coal,FR
CORDEMAIS 5,SLOW,F-160,580.0,46286.0,52.66,Coal,FR
EMILE HUCHET 6,SLOW,F-41,595.0,46286.0,51.42,Coal,FR
HAVRE 4,SLOW,F-50,580.0,46286.0,49.07,Coal,FR
PROVENCE 5,SLOW,F-181,595.0,46286.0,50.48,Coal,FR
AMFARD14,FAST,F-50,130.0,9333.0,105.39,OCGT,FR
AMFARD15,FAST,F-7,130.0,9333.0,106.24,OCGT,FR
BLENOD 5,FAST,F-63,427.0,9333.0,105.92,OCGT,FR
BOUCHAIN 7,FAST,F-8,585.0,9333.0,107.87,OCGT,FR
COMBIGOLFE,FAST,F-297,425.0,9333.0,106.32,OCGT,FR
CYCOFOS,FAST,F-297,428.0,9333.0,110.49,OCGT,FR
Croix-de-Metz,FAST,F-63,413.0,9333.0,107.16,OCGT,FR
DK6,FAST,F-1,796.0,9333.0,108.95,OCGT,FR
EMILE HUCHET 7,FAST,F-41,413.0,9333.0,101.61,OCGT,FR
EMILE HUCHET 8,FAST,F-41,413.0,9333.0,111.04,OCGT,FR
FR-GA-MORANT1,FAST,F-193,401.0,9333.0,105.79,OCGT,FR
GENNEVILLIERS 1,FAST,F-65,203.0,9333.0,106.94,OCGT,FR
MARTIGUES PONTEAU 5,FAST,F-297,465.0,9333.0,108.48,OCGT,FR
MARTIGUES PONTEAU 6,FAST,F-297,465.0,9333.0,108.54,OCGT,FR
Pont-sur-Sambre,FAST,F-10,412.0,9333.0,108.61,OCGT,FR
SPEM,FAST,F-154/15,435.0,9333.0,110.99,OCGT,FR
BELLEVILLE 1,SLOW,F-142,1310.0,92000.0,9.1,Nuclear,FR
BELLEVILLE 2,SLOW,F-142,1310.0,92000.0,9.1,Nuclear,FR
BLAYAIS 1,SLOW,F-240,910.0,92000.0,9.1,Nuclear,FR
BLAYAIS 2,SLOW,F-240,910.0,92000.0,9.1,Nuclear,FR
BLAYAIS 3,SLOW,F-240,910.0,92000.0,9.1,Nuclear,FR
BLAYAIS 4,SLOW,F-240,910.0,92000.0,9.1,Nuclear,FR
BUGEY 2,SLOW,F-206,910.0,92000.0,9.1,Nuclear,FR
BUGEY 3,SLOW,F-206,910.0,92000.0,9.1,Nuclear,FR
BUGEY 4,SLOW,F-206,880.0,92000.0,9.1,Nuclear,FR
BUGEY 5,SLOW,F-206,880.0,92000.0,9.1,Nuclear,FR
CATTENOM 1,SLOW,F-28,1300.0,92000.0,9.1,Nuclear,FR
CATTENOM 2,SLOW,F-28,1300.0,92000.0,9.1,Nuclear,FR
CATTENOM 3,SLOW,F-28,1300.0,92000.0,9.1,Nuclear,FR
CATTENOM 4,SLOW,F-28,1300.0,92000.0,9.1,Nuclear,FR
CHINON 1,SLOW,F-157,905.0,92000.0,9.1,Nuclear,FR
CHINON 2,SLOW,F-157,905.0,92000.0,9.1,Nuclear,FR
CHINON 3,SLOW,F-157,905.0,92000.0,9.1,Nuclear,FR
CHINON 4,SLOW,F-157,905.0,92000.0,9.1,Nuclear,FR
CHOOZ 1,SLOW,F-12choo,1500.0,92000.0,9.1,Nuclear,FR
CHOOZ 2,SLOW,F-12choo,1500.0,92000.0,9.1,Nuclear,FR
CIVAUX 1,SLOW,F-185,1495.0,92000.0,9.1,Nuclear,FR
CIVAUX 2,SLOW,F-185,1495.0,92000.0,9.1,Nuclear,FR
CRUAS 1,SLOW,F-259,915.0,92000.0,9.1,Nuclear,FR
CRUAS 2,SLOW,F-259,915.0,92000.0,9.1,Nuclear,FR
CRUAS 3,SLOW,F-259,915.0,92000.0,9.1,Nuclear,FR
CRUAS 4,SLOW,F-259,915.0,92000.0,9.1,Nuclear,FR
DAMPIERRE 1,SLOW,F-133,890.0,92000.0,9.1,Nuclear,FR
DAMPIERRE 2,SLOW,F-133,890.0,92000.0,9.1,Nuclear,FR
DAMPIERRE 3,SLOW,F-133,890.0,92000.0,9.1,Nuclear,FR
DAMPIERRE 4,SLOW,F-133,890.0,92000.0,9.1,Nuclear,FR
FESSENHEIM 1,SLOW,F_113,880.0,92000.0,9.1,Nuclear,FR
FESSENHEIM 2,SLOW,F_113,880.0,92000.0,9.1,Nuclear,FR
FLAMANVILLE 1,SLOW,F-34,1330.0,92000.0,9.1,Nuclear,FR
FLAMANVILLE 2,SLOW,F-34,1330.0,92000.0,9.1,Nuclear,FR
GOLFECH 1,SLOW,F-279,1310.0,92000.0,9.1,Nuclear,FR
GOLFECH 2,SLOW,F-279,1310.0,92000.0,9.1,Nuclear,FR
GRAVELINES 1,SLOW,F-2,910.0,92000.0,9.1,Nuclear,FR
GRAVELINES 2,SLOW,F-2,910.0,92000.0,9.1,Nuclear,FR
GRAVELINES 3,SLOW,F-2,910.0,92000.0,9.1,Nuclear,FR
GRAVELINES 4,SLOW,F-2,910.0,92000.0,9.1,Nuclear,FR
GRAVELINES 5,SLOW,F-2,910.0,92000.0,9.1,Nuclear,FR
GRAVELINES 6,SLOW,F-2,910.0,92000.0,9.1,Nuclear,FR
NOGENT 1,SLOW,F-89,1310.0,92000.0,9.1,Nuclear,FR
NOGENT 2,SLOW,F-89,1310.0,92000.0,9.1,Nuclear,FR
PALUEL 1,SLOW,F-19,1330.0,92000.0,9.1,Nuclear,FR
PALUEL 2,SLOW,F-19,1330.0,92000.0,9.1,Nuclear,FR
PALUEL 3,SLOW,F-19,1330.0,92000.0,9.1,Nuclear,FR
PALUEL 4,SLOW,F-19,1330.0,92000.0,9.1,Nuclear,FR
PENLY 1,SLOW,F-15,1330.0,92000.0,9.1,Nuclear,FR
PENLY 2,SLOW,F-15,1330.0,92000.0,9.1,Nuclear,FR
ST ALBAN 1,SLOW,F-226,1335.0,92000.0,9.1,Nuclear,FR
ST ALBAN 2,SLOW,F-226,1335.0,92000.0,9.1,Nuclear,FR
ST LAURENT 1,SLOW,F-137,915.0,92000.0,9.1,Nuclear,FR
ST LAURENT 2,SLOW,F-137,915.0,92000.0,9.1,Nuclear,FR
TRICASTIN 1,SLOW,F-267,915.0,92000.0,9.1,Nuclear,FR
TRICASTIN 2,SLOW,F-267,915.0,92000.0,9.1,Nuclear,FR
TRICASTIN 3,SLOW,F-267,915.0,92000.0,9.1,Nuclear,FR
TRICASTIN 4,SLOW,F-267,915.0,92000.0,9.1,Nuclear,FR
ARRIGHI 1,FAST,F-74,125.0,9333.0,149.65,Oil,FR
ARRIGHI 2,FAST,F-74,129.0,9333.0,152.72,Oil,FR
BRENNILIS 1,FAST,F-126,85.0,9333.0,158.34,Oil,FR
BRENNILIS 2,FAST,F-126,85.0,9333.0,165.96,Oil,FR
BRENNILIS 3,FAST,F-126,134.0,9333.0,150.69,Oil,FR
DIRINON 1,FAST,F-115,85.0,9333.0,146.2,Oil,FR
DIRINON 2,FAST,F-115,85.0,9333.0,163.27,Oil,FR
MONTEREAU 5,FAST,F-98,185.0,9333.0,168.76,Oil,FR
MONTEREAU 6,FAST,F-98,185.0,9333.0,148.28,Oil,FR
VAIRES 1,FAST,F-74,181.0,9333.0,144.24,Oil,FR
VAIRES 2,FAST,F-74,179.0,9333.0,166.07,Oil,FR
VAIRES 3,FAST,F-74,182.0,9333.0,161.34,Oil,FR
Amercentrale (A8),SLOW,NL_Geert,645.0,46286.0,48.84,Coal,NL
Amercentrale (A9),SLOW,NL_Geert,640.0,46286.0,52.62,Coal,NL
CUIJK,SLOW,NL-16,25.0,46286.0,50.87,Coal,NL
Centrale Gelderland (CG13),SLOW,NL-16,0.0,46286.0,52.0,Coal,NL
Centrale Hemweg (HW-8),SLOW,NL-11,650.0,46286.0,52.89,Coal,NL
Centrale Maasvlakte (MV1),SLOW,NL-15,0.0,46286.0,52.82,Coal,NL
Centrale Maasvlakte (MV2),SLOW,NL-15,0.0,46286.0,52.78,Coal,NL
Centrale Maasvlakte (MV3),SLOW,NL-15,1068.0,46286.0,50.87,Coal,NL
MVL380 Centrale Rotterdam 1,SLOW,NL-15,731.0,46286.0,53.86,Coal,NL
Willem Alexander Centrale,SLOW,NL_Maasb,249.0,46286.0,49.59,Coal,NL
AL-1,FAST,NL-13,62.0,16500.0,64.6,CCGT,NL
AL-2,FAST,NL-13,55.0,16500.0,63.91,CCGT,NL
Amylum,FAST,NL-11,7.0,16500.0,62.23,CCGT,NL
BOZ,FAST,NL-new1,33.0,16500.0,65.63,CCGT,NL
Centrale Bergum (CB10),FAST,NL-4,72.0,16500.0,64.43,CCGT,NL
Centrale Bergum (CB20),FAST,NL-4,72.0,16500.0,64.69,CCGT,NL
Centrale Diemen (DM33),FAST,NL-13,249.0,16500.0,64.56,CCGT,NL
Centrale Diemen (DM34),FAST,NL-13,435.0,16500.0,63.69,CCGT,NL
Centrale Galileistraat (FG1),FAST,NL-17,0.0,9333.0,112.75,OCGT,NL
Centrale Harculo (HC60),FAST,NL-10,0.0,9333.0,105.04,OCGT,NL
Centrale Hemweg (HW-7),FAST,NL-11,585.0,16500.0,64.44,CCGT,NL
Centrale Hemweg (HW-9),FAST,NL-11,432.0,16500.0,64.63,CCGT,NL
Centrale Lage Weide,SLOW,NL-13,247.0,16500.0,43.79,CCGT,NL
Centrale Merwedekanaal,SLOW,NL-13,227.0,16500.0,44.46,CCGT,NL
Centrale RoCa (RoCa3),SLOW,NL-17,218.0,16500.0,43.15,CCGT,NL
Centrale Swentibold,FAST,NL-22,225.0,16500.0,66.0,CCGT,NL
Centrale Velsen (VN24),FAST,NL-11,459.0,9333.0,105.79,OCGT,NL
Centrale Velsen (VN25),FAST,NL-11,375.0,9333.0,105.84,OCGT,NL
Clauscentrale (A),FAST,NL_Maasb,640.0,9333.0,107.59,OCGT,NL
Clauscentrale (C1),FAST,NL_Maasb,310.0,16500.0,64.17,CCGT,NL
Clauscentrale (C2),FAST,NL_Maasb,310.0,16500.0,65.59,CCGT,NL
Clauscentrale (C3),FAST,NL_Maasb,310.0,16500.0,65.06,CCGT,NL
Delesto (Del1),SLOW,NL-1,180.0,9333.0,86.53,OCGT,NL
Delesto (Del2),FAST,NL-1,350.0,16500.0,63.23,CCGT,NL
Dongecentrale,FAST,NL_Geert,0.0,16500.0,64.95,CCGT,NL
EDH,SLOW,NL-15,112.0,16500.0,44.01,CCGT,NL
EHV,FAST,NL-20,0.0,16500.0,65.04,CCGT,NL
ELSTA,SLOW,NL-new1,456.0,9333.0,90.02,OCGT,NL
ENSCH,FAST,NL_Henge,0.0,16500.0,63.14,CCGT,NL
ERICA,FAST,NL_Meede,63.0,16500.0,64.72,CCGT,NL
Eemscentrale (EC20),FAST,NL-1,131.0,16500.0,65.3,CCGT,NL
Eemscentrale (EC3),FAST,NL-1,359.0,16500.0,62.95,CCGT,NL
Eemscentrale (EC4),FAST,NL-1,359.0,16500.0,65.61,CCGT,NL
Eemscentrale (EC5),FAST,NL-1,361.0,16500.0,65.55,CCGT,NL
Eemscentrale (EC6),FAST,NL-1,359.0,16500.0,64.01,CCGT,NL
Eemscentrale (EC7),FAST,NL-1,360.0,16500.0,64.61,CCGT,NL
HM12,FAST,NL-20,0.0,16500.0,64.96,CCGT,NL
HTB,FAST,NL-16,32.0,16500.0,64.37,CCGT,NL
KLAZI,FAST,NL_Meede,63.0,16500.0,63.59,CCGT,NL
LD12,SLOW,NL-11,83.0,16500.0,44.14,CCGT,NL
LWE5,FAST,NL-13,0.0,16500.0,64.6,CCGT,NL
MK11,FAST,NL-13,103.0,16500.0,64.12,CCGT,NL
Magnum Centrale (10),FAST,NL-1,437.0,16500.0,64.41,CCGT,NL
Magnum Centrale (20),FAST,NL-1,437.0,16500.0,63.87,CCGT,NL
Magnum Centrale (30),FAST,NL-1,437.0,16500.0,66.37,CCGT,NL
Maxima Centrale (FL30),FAST,NL-8,0.0,16500.0,64.61,CCGT,NL
Maxima Centrale (FL4),FAST,NL-8,435.0,16500.0,64.81,CCGT,NL
Maxima Centrale (FL5),FAST,NL-8,437.0,16500.0,64.78,CCGT,NL
Moerdijk 1,SLOW,NL_Geert,348.0,9333.0,91.01,OCGT,NL
Moerdijk 2,SLOW,NL_Geert,426.0,16500.0,44.06,CCGT,NL
PU-1,FAST,NL-13,67.0,16500.0,62.6,CCGT,NL
ROC1,SLOW,NL-17,24.0,9333.0,87.72,OCGT,NL
ROC2,SLOW,NL-17,24.0,9333.0,92.61,OCGT,NL
Rijnmond II,FAST,NL-17,428.0,9333.0,102.15,OCGT,NL
Rijnmond1,FAST,NL-17,800.0,16500.0,65.16,CCGT,NL
SAL,SLOW,NL_Henge,60.0,16500.0,45.04,CCGT,NL
Sloecentrale (unit 10),FAST,NL_Borss,432.0,16500.0,65.71,CCGT,NL
Sloecentrale (unit 20),FAST,NL_Borss,432.0,16500.0,64.88,CCGT,NL
UCML,FAST,NL-15,79.0,9333.0,107.7,OCGT,NL
Borssele 30,SLOW,NL-new1,492.0,92000.0,9.1,Nuclear,NL
