GeneratorRE,BusGeneratorRE,DynamicProfileRE,FractionREProfile,ReferenceValueRE,FuelGeneratorRE
RES_GEOTHERMAL_DE_existing,D-190,RES_GEOTHERMAL_DE_existing,1,8,GEOTHERMAL
Hydro_A27,A-27,Hydro_A27,1,640,HYDRAULIC
Hydro_Niederosterreich,A-2,Hydro_Niederosterreich,1,747,HYDRAULIC
Salzburg_Hydro,A-18,Salzburg_Hydro,1,747,HYDRAULIC
Silz,A-24,Silz,1,854,HYDRAULIC
Steiermarj_Hydro_II,A-31,Steiermarj_Hydro_II,1,640,HYDRAULIC
Tirol_Hydro,A-20,Tirol_Hydro,1,854,HYDRAULIC
Verbund_Carinthia_I,A-26,Verbund_Carinthia_I,1,640,HYDRAULIC
Verbund_Carinthia_II,A-32,Verbund_Carinthia_II,1,640,HYDRAULIC
Verbund_Danube,A-3,Verbund_Danube,1,1601,HYDRAULIC
Verbund_Danube_II,A_st.Pet,Verbund_Danube_II,1,2028,HYDRAULIC
Verbund_Hydro,A-19,Verbund_Hydro,1,854,HYDRAULIC
Vorarelberg_Hydro_I,A-29,Vorarelberg_Hydro_I,1,854,HYDRAULIC
Vorarelberg_Hydro_III,A-33,Vorarelberg_Hydro_III,1,640,HYDRAULIC
Vorarlber_Hydro_II,A_Burs,Vorarlber_Hydro_II,1,747,HYDRAULIC
BLEILOCH,D-129,BLEILOCH,1,300,HYDRAULIC
GAMBSHEIM,F-58,GAMBSHEIM,1,94,HYDRAULIC
GEESTHACHT,D-23,GEESTHACHT,1,140,HYDRAULIC
HYDRO_EON,D-188,HYDRO_EON,1,2854,HYDRAULIC
HYDRO_NORDRHEIN,D-102,HYDRO_NORDRHEIN,1,290,HYDRAULIC
HYDRO_VEAG,D-122,HYDRO_VEAG,1,8,HYDRAULIC
SACKING,D_kuhmoo,SACKING,1,700,HYDRAULIC
WALSHUT,D_Eichst,WALSHUT,1,160,HYDRAULIC
Brommat,F-277,Brommat,1,1224,HYDRAULIC
Groupe_de_la_Rhine_I,F-58,Groupe_de_la_Rhine_I,1,1020,HYDRAULIC
Groupe_de_la_Rhine_II,F_Sieren,Groupe_de_la_Rhine_II,1,408,HYDRAULIC
Groupe_de_la_Rhone_I,F-226,Groupe_de_la_Rhone_I,1,1020,HYDRAULIC
Groupe_de_la_Rhone_II,F-250,Groupe_de_la_Rhone_II,1,1020,HYDRAULIC
Groupe_de_la_Rhone_III,F-256,Groupe_de_la_Rhone_III,1,1020,HYDRAULIC
H_OTHERS_F243,F-243,H_OTHERS_F243,1,714,HYDRAULIC
Hydro_Languedoc,F-281,Hydro_Languedoc,1,1632,HYDRAULIC
Hydro_Midi_Pyrennes,F_pragne,Hydro_Midi_Pyrennes,1,2448,HYDRAULIC
Hydro_Provance,F-258,Hydro_Provance,1,2040,HYDRAULIC
Hydro_Rhone_Alpes_I,F-210,Hydro_Rhone_Alpes_I,1,1020,HYDRAULIC
Hydro_Rhone_Alpes_II,F-215,Hydro_Rhone_Alpes_II,1,2040,HYDRAULIC
Hydro_Rhone_Alpes_III,F-228,Hydro_Rhone_Alpes_III,1,510,HYDRAULIC
Hydro_Rhone_Alpes_IV,F-233,Hydro_Rhone_Alpes_IV,1,1020,HYDRAULIC
Hydro_Rhone_Alpes_V,F-232,Hydro_Rhone_Alpes_V,1,510,HYDRAULIC
Hyro_Provance_Alpes,F-269,Hyro_Provance_Alpes,1,1632,HYDRAULIC
La_Rance,F-85,La_Rance,1,245,HYDRAULIC
Ouvrage,F-185,Ouvrage,1,2040,HYDRAULIC
Vouglans,F-181,Vouglans,1,306,HYDRAULIC
RES_HYDRO_NL_existing,NL-16,RES_HYDRO_NL_existing,1,37,HYDRAULIC
KOPSWERK_II,A-33,KOPSWERK_II,1,450,HYDRAULIC_PS
LIMBERG_II,A-18,LIMBERG_II,1,480,HYDRAULIC_PS
COO_A_1_H,B-18,COO_A_1_H,1,158,HYDRAULIC_PS
COO_A_2_H,B-18,COO_A_2_H,1,158,HYDRAULIC_PS
COO_A_3_H,B-18,COO_A_3_H,1,158,HYDRAULIC_PS
COO_A_4_H,B-18,COO_A_4_H,1,230,HYDRAULIC_PS
COO_A_5_H,B-18,COO_A_5_H,1,230,HYDRAULIC_PS
COO_A_6_H,B-18,COO_A_6_H,1,230,HYDRAULIC_PS
PLATETAILLE,B-17,PLATETAILLE,1,144,HYDRAULIC_PS
GOLDISTAHL,D-134,GOLDISTAHL,1,1060,HYDRAULIC_PS
HAUSERN,D_engstl,HAUSERN,1,112,HYDRAULIC_PS
HERDECKE,D-108,HERDECKE,1,153,HYDRAULIC_PS
HOHENW,D-49,HOHENW,1,383,HYDRAULIC_PS
HYDRO_BAY,D-197,HYDRO_BAY,1,994,HYDRAULIC_PS
HYDRO_RWE_BADEN-WURTT,D_engstl,HYDRO_RWE_BADEN-WURTT,1,461,HYDRAULIC_PS
HYDRO_RWE_RHEINLAND,D-162,HYDRO_RWE_RHEINLAND,1,254,HYDRAULIC_PS
MARKERSB,D-122,MARKERSB,1,1050,HYDRAULIC_PS
NIEDERW,D-94,NIEDERW,1,120,HYDRAULIC_PS
VIANDEN,Lx-1,VIANDEN,1,1096,HYDRAULIC_PS
WEHR,D_kuhmoo,WEHR,1,980,HYDRAULIC_PS
WENDEFURTH,D-79,WENDEFURTH,1,80,HYDRAULIC_PS
WITZNAU,D_engstl,WITZNAU,1,220,HYDRAULIC_PS
GRAND_MAISON,F-195,GRAND_MAISON,1,1050,HYDRAULIC_PS
LAC_NOIR,F-58,LAC_NOIR,1,80,HYDRAULIC_PS
MONTEZIC,F-255,MONTEZIC,1,910,HYDRAULIC_PS
REVIN,F-17lonn,REVIN,1,720,HYDRAULIC_PS
SUPER_BISSORTE,F-212,SUPER_BISSORTE,1,750,HYDRAULIC_PS
WERFEN_PFARRWERFEN,A-18,WERFEN_PFARRWERFEN,1,16,HYDRAULIC_RoR
RES_HYDRO_BE_Existing,B-18,RES_HYDRO_BE_Existing,1,111,HYDRAULIC_RoR
SOLAR_A_Burs,A_Burs,AT_SOLAR,0.028571428571429,15.2,SOLAR
SOLAR_A_st.Pet,A_st.Pet,AT_SOLAR,0.028571428571429,15.2,SOLAR
SOLAR_A_Westti,A_Westti,AT_SOLAR,0.028571428571429,15.2,SOLAR
SOLAR_A-1,A-1,AT_SOLAR,0.028571428571429,15.2,SOLAR
SOLAR_A-10,A-10,AT_SOLAR,0.028571428571429,15.2,SOLAR
SOLAR_A-11,A-11,AT_SOLAR,0.028571428571429,15.2,SOLAR
SOLAR_A-12,A-12,AT_SOLAR,0.028571428571429,15.2,SOLAR
SOLAR_A-13,A-13,AT_SOLAR,0.028571428571429,15.2,SOLAR
SOLAR_A-14,A-14,AT_SOLAR,0.028571428571429,15.2,SOLAR
SOLAR_A-15,A-15,AT_SOLAR,0.028571428571429,15.2,SOLAR
SOLAR_A-16,A-16,AT_SOLAR,0.028571428571429,15.2,SOLAR
SOLAR_A-18,A-18,AT_SOLAR,0.028571428571429,15.2,SOLAR
SOLAR_A-19,A-19,AT_SOLAR,0.028571428571429,15.2,SOLAR
SOLAR_A-2,A-2,AT_SOLAR,0.028571428571429,15.2,SOLAR
SOLAR_A-20,A-20,AT_SOLAR,0.028571428571429,15.2,SOLAR
SOLAR_A-21,A-21,AT_SOLAR,0.028571428571429,15.2,SOLAR
SOLAR_A-22,A-22,AT_SOLAR,0.028571428571429,15.2,SOLAR
SOLAR_A-24,A-24,AT_SOLAR,0.028571428571429,15.2,SOLAR
SOLAR_A-25,A-25,AT_SOLAR,0.028571428571429,15.2,SOLAR
SOLAR_A-26,A-26,AT_SOLAR,0.028571428571429,15.2,SOLAR
SOLAR_A-27,A-27,AT_SOLAR,0.028571428571429,15.2,SOLAR
SOLAR_A-29,A-29,AT_SOLAR,0.028571428571429,15.2,SOLAR
SOLAR_A-3,A-3,AT_SOLAR,0.028571428571429,15.2,SOLAR
SOLAR_A-30,A-30,AT_SOLAR,0.028571428571429,15.2,SOLAR
SOLAR_A-31,A-31,AT_SOLAR,0.028571428571429,15.2,SOLAR
SOLAR_A-32,A-32,AT_SOLAR,0.028571428571429,15.2,SOLAR
SOLAR_A-33,A-33,AT_SOLAR,0.028571428571429,15.2,SOLAR
SOLAR_A-34,A-34,AT_SOLAR,0.028571428571429,15.2,SOLAR
SOLAR_A-35,A-35,AT_SOLAR,0.028571428571429,15.2,SOLAR
SOLAR_A-36,A-36,AT_SOLAR,0.028571428571429,15.2,SOLAR
SOLAR_A-4,A-4,AT_SOLAR,0.028571428571429,15.2,SOLAR
SOLAR_A-5,A-5,AT_SOLAR,0.028571428571429,15.2,SOLAR
SOLAR_A-6,A-6,AT_SOLAR,0.028571428571429,15.2,SOLAR
SOLAR_A-7,A-7,AT_SOLAR,0.028571428571429,15.2,SOLAR
SOLAR_A-8,A-8,AT_SOLAR,0.028571428571429,15.2,SOLAR
SOLAR_B_15,B_15,BE_SOLAR,0.022278516736606,66.31,SOLAR
SOLAR_B_Achene,B_Achene,BE_SOLAR,0.022278516736606,66.31,SOLAR
SOLAR_B_Aubang,B_Aubang,BE_SOLAR,0.022278516736606,66.31,SOLAR
SOLAR_B_meerho,B_meerho,BE_SOLAR,0.062911359658112,187.25,SOLAR
SOLAR_B_Moncea,B_Moncea,BE_SOLAR,0.022278516736606,66.31,SOLAR
SOLAR_B_Zandvl,B_Zandvl,BE_SOLAR,0.062911359658112,187.25,SOLAR
SOLAR_B-10,B-10,BE_SOLAR,0.062911359658112,187.25,SOLAR
SOLAR_B-11,B-11,BE_SOLAR,0.022278516736606,66.31,SOLAR
SOLAR_B-12Avel,B-12Avel,BE_SOLAR,0.062911359658112,187.25,SOLAR
SOLAR_B-13,B-13,BE_SOLAR,0.022278516736606,66.31,SOLAR
SOLAR_B-15,B-15,BE_SOLAR,0.022278516736606,66.31,SOLAR
SOLAR_B-16,B-16,BE_SOLAR,0.022278516736606,66.31,SOLAR
SOLAR_B-17,B-17,BE_SOLAR,0.022278516736606,66.31,SOLAR
SOLAR_B-18,B-18,BE_SOLAR,0.022278516736606,66.31,SOLAR
SOLAR_B-2,B-2,BE_SOLAR,0.062911359658112,187.25,SOLAR
SOLAR_B-20,B-20,BE_SOLAR,0.022278516736606,66.31,SOLAR
SOLAR_B-3,B-3,BE_SOLAR,0.062911359658112,187.25,SOLAR
SOLAR_B-4,B-4,BE_SOLAR,0.062911359658112,187.25,SOLAR
SOLAR_B-5,B-5,BE_SOLAR,0.062911359658112,187.25,SOLAR
SOLAR_B-6,B-6,BE_SOLAR,0.062911359658112,187.25,SOLAR
SOLAR_B-7,B-7,BE_SOLAR,0.062911359658112,187.25,SOLAR
SOLAR_B-8,B-8,BE_SOLAR,0.062911359658112,187.25,SOLAR
SOLAR_B-9,B-9,BE_SOLAR,0.062911359658112,187.25,SOLAR
SOLAR_D_185,D_185,DE_SOLAR,0.004800121594129,178.75,SOLAR
SOLAR_D_233,D_233,DE_SOLAR,0.008893450458986,331.18,SOLAR
SOLAR_D_Connef,D_Connef,DE_SOLAR,0.00297459842787,110.77,SOLAR
SOLAR_D_Diele,D_Diele,DE_SOLAR,0.00297459842787,110.77,SOLAR
SOLAR_D_Eichst,D_Eichst,DE_SOLAR,0.00472519941652,175.96,SOLAR
SOLAR_D_engstl,D_engstl,DE_SOLAR,0.00472519941652,175.96,SOLAR
SOLAR_D_Gronau,D_Gronau,DE_SOLAR,0.002883832492271,107.39,SOLAR
SOLAR_D_kuhmoo,D_kuhmoo,DE_SOLAR,0.00472519941652,175.96,SOLAR
SOLAR_D_leupol,D_leupol,DE_SOLAR,0.008893450458986,331.18,SOLAR
SOLAR_D_oberbr,D_oberbr,DE_SOLAR,0.008893450458986,331.18,SOLAR
SOLAR_D_Rommer,D_Rommer,DE_SOLAR,0.002883832492271,107.39,SOLAR
SOLAR_D_Siersd,D_Siersd,DE_SOLAR,0.002883832492271,107.39,SOLAR
SOLAR_D_Tienge,D_Tienge,DE_SOLAR,0.00472519941652,175.96,SOLAR
SOLAR_D-1,D-1,DE_SOLAR,0.00347139422922,129.27,SOLAR
SOLAR_D-10,D-10,DE_SOLAR,0.00347139422922,129.27,SOLAR
SOLAR_D-100,D-100,DE_SOLAR,0.002883832492271,107.39,SOLAR
SOLAR_D-101,D-101,DE_SOLAR,0.002883832492271,107.39,SOLAR
SOLAR_D-102,D-102,DE_SOLAR,0.002883832492271,107.39,SOLAR
SOLAR_D-103,D-103,DE_SOLAR,0.002757082428359,102.67,SOLAR
SOLAR_D-104,D-104,DE_SOLAR,0.002883832492271,107.39,SOLAR
SOLAR_D-105,D-105,DE_SOLAR,0.002883832492271,107.39,SOLAR
SOLAR_D-106,D-106,DE_SOLAR,0.002702837697617,100.65,SOLAR
SOLAR_D-107,D-107,DE_SOLAR,0.002702837697617,100.65,SOLAR
SOLAR_D-108,D-108,DE_SOLAR,0.002883832492271,107.39,SOLAR
SOLAR_D-109,D-109,DE_SOLAR,0.002883832492271,107.39,SOLAR
SOLAR_D-11,D-11,DE_SOLAR,0.00347139422922,129.27,SOLAR
SOLAR_D-110,D-110,DE_SOLAR,0.002883832492271,107.39,SOLAR
SOLAR_D-111,D-111,DE_SOLAR,0.002883832492271,107.39,SOLAR
SOLAR_D-112,D-112,DE_SOLAR,0.002702837697617,100.65,SOLAR
SOLAR_D-113,D-113,DE_SOLAR,0.002757082428359,102.67,SOLAR
SOLAR_D-114,D-114,DE_SOLAR,0.004905388596361,182.67,SOLAR
SOLAR_D-115,D-115,DE_SOLAR,0.004905388596361,182.67,SOLAR
SOLAR_D-116,D-116,DE_SOLAR,0.002883832492271,107.39,SOLAR
SOLAR_D-117,D-117,DE_SOLAR,0.002757082428359,102.67,SOLAR
SOLAR_D-118,D-118,DE_SOLAR,0.004905388596361,182.67,SOLAR
SOLAR_D-12,D-12,DE_SOLAR,0.00347139422922,129.27,SOLAR
SOLAR_D-120,D-120,DE_SOLAR,0.002883832492271,107.39,SOLAR
SOLAR_D-121,D-121,DE_SOLAR,0.002757082428359,102.67,SOLAR
SOLAR_D-122,D-122,DE_SOLAR,0.002757082428359,102.67,SOLAR
SOLAR_D-123,D-123,DE_SOLAR,0.002883832492271,107.39,SOLAR
SOLAR_D-124,D-124,DE_SOLAR,0.002702837697617,100.65,SOLAR
SOLAR_D-125,D-125,DE_SOLAR,0.002757082428359,102.67,SOLAR
SOLAR_D-126,D-126,DE_SOLAR,0.002883832492271,107.39,SOLAR
SOLAR_D-127,D-127,DE_SOLAR,0.002883832492271,107.39,SOLAR
SOLAR_D-129,D-129,DE_SOLAR,0.004905388596361,182.67,SOLAR
SOLAR_D-13,D-13,DE_SOLAR,0.006155702786138,229.23,SOLAR
SOLAR_D-130,D-130,DE_SOLAR,0.002702837697617,100.65,SOLAR
SOLAR_D-131,D-131,DE_SOLAR,0.002883832492271,107.39,SOLAR
SOLAR_D-133,D-133,DE_SOLAR,0.002702837697617,100.65,SOLAR
SOLAR_D-134,D-134,DE_SOLAR,0.004905388596361,182.67,SOLAR
SOLAR_D-135,D-135,DE_SOLAR,0.004905388596361,182.67,SOLAR
SOLAR_D-136,D-136,DE_SOLAR,0.002883832492271,107.39,SOLAR
SOLAR_D-137,D-137,DE_SOLAR,0.002883832492271,107.39,SOLAR
SOLAR_D-138,D-138,DE_SOLAR,0.002702837697617,100.65,SOLAR
SOLAR_D-139,D-139,DE_SOLAR,0.002702837697617,100.65,SOLAR
SOLAR_D-14,D-14,DE_SOLAR,0.00347139422922,129.27,SOLAR
SOLAR_D-140,D-140,DE_SOLAR,0.008893450458986,331.18,SOLAR
SOLAR_D-141,D-141,DE_SOLAR,0.002883832492271,107.39,SOLAR
SOLAR_D-142,D-142,DE_SOLAR,0.008893450458986,331.18,SOLAR
SOLAR_D-143,D-143,DE_SOLAR,0.002702837697617,100.65,SOLAR
SOLAR_D-144,D-144,DE_SOLAR,0.004800121594129,178.75,SOLAR
SOLAR_D-145,D-145,DE_SOLAR,0.004800121594129,178.75,SOLAR
SOLAR_D-146,D-146,DE_SOLAR,0.004800121594129,178.75,SOLAR
SOLAR_D-147,D-147,DE_SOLAR,0.002883832492271,107.39,SOLAR
SOLAR_D-148,D-148,DE_SOLAR,0.002702837697617,100.65,SOLAR
SOLAR_D-15,D-15,DE_SOLAR,0.004787768833663,178.29,SOLAR
SOLAR_D-150,D-150,DE_SOLAR,0.008893450458986,331.18,SOLAR
SOLAR_D-151,D-151,DE_SOLAR,0.008893450458986,331.18,SOLAR
SOLAR_D-152,D-152,DE_SOLAR,0.002702837697617,100.65,SOLAR
SOLAR_D-153,D-153,DE_SOLAR,0.002702837697617,100.65,SOLAR
SOLAR_D-154,D-154,DE_SOLAR,0.008893450458986,331.18,SOLAR
SOLAR_D-156,D-156,DE_SOLAR,0.008893450458986,331.18,SOLAR
SOLAR_D-157,D-157,DE_SOLAR,0.002702837697617,100.65,SOLAR
SOLAR_D-158,D-158,DE_SOLAR,0.002702837697617,100.65,SOLAR
SOLAR_D-159,D-159,DE_SOLAR,0.008893450458986,331.18,SOLAR
SOLAR_D-16,D-16,DE_SOLAR,0.00347139422922,129.27,SOLAR
SOLAR_D-160,D-160,DE_SOLAR,0.004800121594129,178.75,SOLAR
SOLAR_D-161,D-161,DE_SOLAR,0.008893450458986,331.18,SOLAR
SOLAR_D-162,D-162,DE_SOLAR,0.004800121594129,178.75,SOLAR
SOLAR_D-163,D-163,DE_SOLAR,0.00472519941652,175.96,SOLAR
SOLAR_D-164,D-164,DE_SOLAR,0.004800121594129,178.75,SOLAR
SOLAR_D-165/16,D-165/16,DE_SOLAR,0.002702837697617,100.65,SOLAR
SOLAR_D-17,D-17,DE_SOLAR,0.00347139422922,129.27,SOLAR
SOLAR_D-170,D-170,DE_SOLAR,0.008893450458986,331.18,SOLAR
SOLAR_D-171,D-171,DE_SOLAR,0.00472519941652,175.96,SOLAR
SOLAR_D-172,D-172,DE_SOLAR,0.008893450458986,331.18,SOLAR
SOLAR_D-173,D-173,DE_SOLAR,0.004800121594129,178.75,SOLAR
SOLAR_D-174,D-174,DE_SOLAR,0.008893450458986,331.18,SOLAR
SOLAR_D-175,D-175,DE_SOLAR,0.002702837697617,100.65,SOLAR
SOLAR_D-176,D-176,DE_SOLAR,0.00472519941652,175.96,SOLAR
SOLAR_D-177,D-177,DE_SOLAR,0.00472519941652,175.96,SOLAR
SOLAR_D-178,D-178,DE_SOLAR,0.004800121594129,178.75,SOLAR
SOLAR_D-18,D-18,DE_SOLAR,0.00297459842787,110.77,SOLAR
SOLAR_D-180,D-180,DE_SOLAR,0.004800121594129,178.75,SOLAR
SOLAR_D-181,D-181,DE_SOLAR,0.00472519941652,175.96,SOLAR
SOLAR_D-183,D-183,DE_SOLAR,0.008893450458986,331.18,SOLAR
SOLAR_D-185,D-185,DE_SOLAR,0.004800121594129,178.75,SOLAR
SOLAR_D-186,D-186,DE_SOLAR,0.00472519941652,175.96,SOLAR
SOLAR_D-187,D-187,DE_SOLAR,0.008893450458986,331.18,SOLAR
SOLAR_D-188,D-188,DE_SOLAR,0.008893450458986,331.18,SOLAR
SOLAR_D-189,D-189,DE_SOLAR,0.00472519941652,175.96,SOLAR
SOLAR_D-19,D-19,DE_SOLAR,0.006155702786138,229.23,SOLAR
SOLAR_D-190,D-190,DE_SOLAR,0.008893450458986,331.18,SOLAR
SOLAR_D-191,D-191,DE_SOLAR,0.008893450458986,331.18,SOLAR
SOLAR_D-192,D-192,DE_SOLAR,0.00472519941652,175.96,SOLAR
SOLAR_D-193,D-193,DE_SOLAR,0.008893450458986,331.18,SOLAR
SOLAR_D-194,D-194,DE_SOLAR,0.00472519941652,175.96,SOLAR
SOLAR_D-195,D-195,DE_SOLAR,0.00472519941652,175.96,SOLAR
SOLAR_D-196,D-196,DE_SOLAR,0.00472519941652,175.96,SOLAR
SOLAR_D-197,D-197,DE_SOLAR,0.008893450458986,331.18,SOLAR
SOLAR_D-198,D-198,DE_SOLAR,0.008893450458986,331.18,SOLAR
SOLAR_D-199,D-199,DE_SOLAR,0.00472519941652,175.96,SOLAR
SOLAR_D-2,D-2,DE_SOLAR,0.004787768833663,178.29,SOLAR
SOLAR_D-20,D-20,DE_SOLAR,0.00297459842787,110.77,SOLAR
SOLAR_D-200,D-200,DE_SOLAR,0.00472519941652,175.96,SOLAR
SOLAR_D-201,D-201,DE_SOLAR,0.00472519941652,175.96,SOLAR
SOLAR_D-203,D-203,DE_SOLAR,0.00472519941652,175.96,SOLAR
SOLAR_D-205,D-205,DE_SOLAR,0.008893450458986,331.18,SOLAR
SOLAR_D-206,D-206,DE_SOLAR,0.008893450458986,331.18,SOLAR
SOLAR_D-207,D-207,DE_SOLAR,0.008893450458986,331.18,SOLAR
SOLAR_D-208,D-208,DE_SOLAR,0.00472519941652,175.96,SOLAR
SOLAR_D-209,D-209,DE_SOLAR,0.008893450458986,331.18,SOLAR
SOLAR_D-21,D-21,DE_SOLAR,0.00347139422922,129.27,SOLAR
SOLAR_D-210,D-210,DE_SOLAR,0.008893450458986,331.18,SOLAR
SOLAR_D-212,D-212,DE_SOLAR,0.00472519941652,175.96,SOLAR
SOLAR_D-213,D-213,DE_SOLAR,0.008893450458986,331.18,SOLAR
SOLAR_D-214,D-214,DE_SOLAR,0.008893450458986,331.18,SOLAR
SOLAR_D-216,D-216,DE_SOLAR,0.008893450458986,331.18,SOLAR
SOLAR_D-219,D-219,DE_SOLAR,0.008893450458986,331.18,SOLAR
SOLAR_D-22,D-22,DE_SOLAR,0.00297459842787,110.77,SOLAR
SOLAR_D-224,D-224,DE_SOLAR,0.008893450458986,331.18,SOLAR
SOLAR_D-229,D-229,DE_SOLAR,0.004800121594129,178.75,SOLAR
SOLAR_D-23,D-23,DE_SOLAR,0.00347139422922,129.27,SOLAR
SOLAR_D-24,D-24,DE_SOLAR,0.00297459842787,110.77,SOLAR
SOLAR_D-25,D-25,DE_SOLAR,0.006155702786138,229.23,SOLAR
SOLAR_D-26,D-26,DE_SOLAR,0.00297459842787,110.77,SOLAR
SOLAR_D-27,D-27,DE_SOLAR,0.00297459842787,110.77,SOLAR
SOLAR_D-29,D-29,DE_SOLAR,0.00297459842787,110.77,SOLAR
SOLAR_D-3,D-3,DE_SOLAR,0.004787768833663,178.29,SOLAR
SOLAR_D-30,D-30,DE_SOLAR,0.00297459842787,110.77,SOLAR
SOLAR_D-32,D-32,DE_SOLAR,0.00297459842787,110.77,SOLAR
SOLAR_D-33,D-33,DE_SOLAR,0.00297459842787,110.77,SOLAR
SOLAR_D-34,D-34,DE_SOLAR,0.006155702786138,229.23,SOLAR
SOLAR_D-35,D-35,DE_SOLAR,0.006155702786138,229.23,SOLAR
SOLAR_D-36,D-36,DE_SOLAR,0.00297459842787,110.77,SOLAR
SOLAR_D-37,D-37,DE_SOLAR,0.00297459842787,110.77,SOLAR
SOLAR_D-38,D-38,DE_SOLAR,0.006155702786138,229.23,SOLAR
SOLAR_D-39,D-39,DE_SOLAR,0.006155702786138,229.23,SOLAR
SOLAR_D-4,D-4,DE_SOLAR,0.00347139422922,129.27,SOLAR
SOLAR_D-41,D-41,DE_SOLAR,0.006155702786138,229.23,SOLAR
SOLAR_D-42,D-42,DE_SOLAR,0.00297459842787,110.77,SOLAR
SOLAR_D-43,D-43,DE_SOLAR,0.00297459842787,110.77,SOLAR
SOLAR_D-44,D-44,DE_SOLAR,0.00297459842787,110.77,SOLAR
SOLAR_D-45,D-45,DE_SOLAR,0.006155702786138,229.23,SOLAR
SOLAR_D-46,D-46,DE_SOLAR,0.006155702786138,229.23,SOLAR
SOLAR_D-47,D-47,DE_SOLAR,0.006155702786138,229.23,SOLAR
SOLAR_D-48,D-48,DE_SOLAR,0.00297459842787,110.77,SOLAR
SOLAR_D-49,D-49,DE_SOLAR,0.00297459842787,110.77,SOLAR
SOLAR_D-5,D-5,DE_SOLAR,0.004787768833663,178.29,SOLAR
SOLAR_D-50,D-50,DE_SOLAR,0.00297459842787,110.77,SOLAR
SOLAR_D-51,D-51,DE_SOLAR,0.00297459842787,110.77,SOLAR
SOLAR_D-52,D-52,DE_SOLAR,0.007725040441864,287.67,SOLAR
SOLAR_D-53,D-53,DE_SOLAR,0.00297459842787,110.77,SOLAR
SOLAR_D-54,D-54,DE_SOLAR,0.002883832492271,107.39,SOLAR
SOLAR_D-56,D-56,DE_SOLAR,0.00297459842787,110.77,SOLAR
SOLAR_D-57,D-57,DE_SOLAR,0.006155702786138,229.23,SOLAR
SOLAR_D-58,D-58,DE_SOLAR,0.007725040441864,287.67,SOLAR
SOLAR_D-59,D-59,DE_SOLAR,0.00297459842787,110.77,SOLAR
SOLAR_D-6,D-6,DE_SOLAR,0.00347139422922,129.27,SOLAR
SOLAR_D-60,D-60,DE_SOLAR,0.00297459842787,110.77,SOLAR
SOLAR_D-61,D-61,DE_SOLAR,0.002883832492271,107.39,SOLAR
SOLAR_D-62,D-62,DE_SOLAR,0.006155702786138,229.23,SOLAR
SOLAR_D-63,D-63,DE_SOLAR,0.00297459842787,110.77,SOLAR
SOLAR_D-64,D-64,DE_SOLAR,0.00297459842787,110.77,SOLAR
SOLAR_D-65,D-65,DE_SOLAR,0.00297459842787,110.77,SOLAR
SOLAR_D-66,D-66,DE_SOLAR,0.002883832492271,107.39,SOLAR
SOLAR_D-68,D-68,DE_SOLAR,0.002757082428359,102.67,SOLAR
SOLAR_D-69,D-69,DE_SOLAR,0.00297459842787,110.77,SOLAR
SOLAR_D-7,D-7,DE_SOLAR,0.004787768833663,178.29,SOLAR
SOLAR_D-70,D-70,DE_SOLAR,0.007725040441864,287.67,SOLAR
SOLAR_D-71,D-71,DE_SOLAR,0.002883832492271,107.39,SOLAR
SOLAR_D-72,D-72,DE_SOLAR,0.002883832492271,107.39,SOLAR
SOLAR_D-73,D-73,DE_SOLAR,0.002883832492271,107.39,SOLAR
SOLAR_D-74,D-74,DE_SOLAR,0.00297459842787,110.77,SOLAR
SOLAR_D-76,D-76,DE_SOLAR,0.002883832492271,107.39,SOLAR
SOLAR_D-78,D-78,DE_SOLAR,0.002883832492271,107.39,SOLAR
SOLAR_D-79,D-79,DE_SOLAR,0.007725040441864,287.67,SOLAR
SOLAR_D-8,D-8,DE_SOLAR,0.004787768833663,178.29,SOLAR
SOLAR_D-80,D-80,DE_SOLAR,0.002757082428359,102.67,SOLAR
SOLAR_D-81,D-81,DE_SOLAR,0.002883832492271,107.39,SOLAR
SOLAR_D-82,D-82,DE_SOLAR,0.002757082428359,102.67,SOLAR
SOLAR_D-83,D-83,DE_SOLAR,0.002757082428359,102.67,SOLAR
SOLAR_D-84,D-84,DE_SOLAR,0.002883832492271,107.39,SOLAR
SOLAR_D-85,D-85,DE_SOLAR,0.007725040441864,287.67,SOLAR
SOLAR_D-86,D-86,DE_SOLAR,0.002883832492271,107.39,SOLAR
SOLAR_D-87,D-87,DE_SOLAR,0.007725040441864,287.67,SOLAR
SOLAR_D-88,D-88,DE_SOLAR,0.002883832492271,107.39,SOLAR
SOLAR_D-89,D-89,DE_SOLAR,0.002757082428359,102.67,SOLAR
SOLAR_D-9,D-9,DE_SOLAR,0.004787768833663,178.29,SOLAR
SOLAR_D-90,D-90,DE_SOLAR,0.002702837697617,100.65,SOLAR
SOLAR_D-91,D-91,DE_SOLAR,0.002883832492271,107.39,SOLAR
SOLAR_D-92,D-92,DE_SOLAR,0.002757082428359,102.67,SOLAR
SOLAR_D-93,D-93,DE_SOLAR,0.002883832492271,107.39,SOLAR
SOLAR_D-94,D-94,DE_SOLAR,0.002757082428359,102.67,SOLAR
SOLAR_D-95,D-95,DE_SOLAR,0.002883832492271,107.39,SOLAR
SOLAR_D-96,D-96,DE_SOLAR,0.00297459842787,110.77,SOLAR
SOLAR_D-97,D-97,DE_SOLAR,0.002883832492271,107.39,SOLAR
SOLAR_D-98,D-98,DE_SOLAR,0.002757082428359,102.67,SOLAR
SOLAR_D-99,D-99,DE_SOLAR,0.002757082428359,102.67,SOLAR
SOLAR_E_obermo,E_obermo,DE_SOLAR,0.00472519941652,175.96,SOLAR
SOLAR_E-204,E-204,DE_SOLAR,0.008893450458986,331.18,SOLAR
SOLAR_E-211,E-211,DE_SOLAR,0.00472519941652,175.96,SOLAR
SOLAR_E-215,E-215,DE_SOLAR,0.00472519941652,175.96,SOLAR
SOLAR_E-217,E-217,DE_SOLAR,0.00472519941652,175.96,SOLAR
SOLAR_E-218,E-218,DE_SOLAR,0.00472519941652,175.96,SOLAR
SOLAR_E-220,E-220,DE_SOLAR,0.00472519941652,175.96,SOLAR
SOLAR_E-223,E-223,DE_SOLAR,0.00472519941652,175.96,SOLAR
SOLAR_F_113,F_113,FR_SOLAR,0.00379757285561,18.86,SOLAR
SOLAR_F_Baixas,F_Baixas,FR_SOLAR,0.007349491475597,36.5,SOLAR
SOLAR_F_BoisTo,F_BoisTo,FR_SOLAR,0.001647091514257,8.18,SOLAR
SOLAR_F_canteg,F_canteg,FR_SOLAR,0.009167735531066,45.53,SOLAR
SOLAR_F_Cornie,F_Cornie,FR_SOLAR,0.001647091514257,8.18,SOLAR
SOLAR_F_Mambel,F_Mambel,FR_SOLAR,0.000894020332922,4.44,SOLAR
SOLAR_F_Mougue,F_Mougue,FR_SOLAR,0.009167735531066,45.53,SOLAR
SOLAR_F_Moulai,F_Moulai,FR_SOLAR,0.002202833883371,10.94,SOLAR
SOLAR_F_pragne,F_pragne,FR_SOLAR,0.005849389790852,29.05,SOLAR
SOLAR_F_Sieren,F_Sieren,FR_SOLAR,0.00379757285561,18.86,SOLAR
SOLAR_F_Vigy,F_Vigy,FR_SOLAR,0.002202833883371,10.94,SOLAR
SOLAR_F-1,F-1,FR_SOLAR,0.001671254225958,8.3,SOLAR
SOLAR_F-10,F-10,FR_SOLAR,0.001671254225958,8.3,SOLAR
SOLAR_F-100,F-100,FR_SOLAR,0.00379757285561,18.86,SOLAR
SOLAR_F-101,F-101,FR_SOLAR,0.002202833883371,10.94,SOLAR
SOLAR_F-102,F-102,FR_SOLAR,0.00108329490791,5.38,SOLAR
SOLAR_F-103,F-103,FR_SOLAR,0.004266732174463,21.19,SOLAR
SOLAR_F-104,F-104,FR_SOLAR,0.002202833883371,10.94,SOLAR
SOLAR_F-105,F-105,FR_SOLAR,0.001115511856844,5.54,SOLAR
SOLAR_F-106,F-106,FR_SOLAR,0.001582657616389,7.86,SOLAR
SOLAR_F-107,F-107,FR_SOLAR,0.00379757285561,18.86,SOLAR
SOLAR_F-108,F-108,FR_SOLAR,0.002202833883371,10.94,SOLAR
SOLAR_F-109,F-109,FR_SOLAR,0.001856501682329,9.22,SOLAR
SOLAR_F-11,F-11,FR_SOLAR,0.001671254225958,8.3,SOLAR
SOLAR_F-110,F-110,FR_SOLAR,0.00108329490791,5.38,SOLAR
SOLAR_F-111,F-111,FR_SOLAR,0.00144372202411,7.17,SOLAR
SOLAR_F-113,F-113,FR_SOLAR,0.002343783034957,11.64,SOLAR
SOLAR_F-114,F-114,FR_SOLAR,0.001856501682329,9.22,SOLAR
SOLAR_F-115,F-115,FR_SOLAR,0.002343783034957,11.64,SOLAR
SOLAR_F-116,F-116,FR_SOLAR,0.004266732174463,21.19,SOLAR
SOLAR_F-117,F-117,FR_SOLAR,0.004266732174463,21.19,SOLAR
SOLAR_F-118,F-118,FR_SOLAR,0.001856501682329,9.22,SOLAR
SOLAR_F-119,F-119,FR_SOLAR,0.00108329490791,5.38,SOLAR
SOLAR_F-120,F-120,FR_SOLAR,0.001856501682329,9.22,SOLAR
SOLAR_F-121,F-121,FR_SOLAR,0.00379757285561,18.86,SOLAR
SOLAR_F-122,F-122,FR_SOLAR,0.004266732174463,21.19,SOLAR
SOLAR_F-123,F-123,FR_SOLAR,0.002343783034957,11.64,SOLAR
SOLAR_F-124,F-124,FR_SOLAR,0.00144372202411,7.17,SOLAR
SOLAR_F-125,F-125,FR_SOLAR,0.00144372202411,7.17,SOLAR
SOLAR_F-126,F-126,FR_SOLAR,0.002343783034957,11.64,SOLAR
SOLAR_F-127,F-127,FR_SOLAR,0.00144372202411,7.17,SOLAR
SOLAR_F-128,F-128,FR_SOLAR,0.004266732174463,21.19,SOLAR
SOLAR_F-12choo,F-12choo,FR_SOLAR,0.00108329490791,5.38,SOLAR
SOLAR_F-13,F-13,FR_SOLAR,0.000489294911937,2.43,SOLAR
SOLAR_F-130,F-130,FR_SOLAR,0.002343783034957,11.64,SOLAR
SOLAR_F-131,F-131,FR_SOLAR,0.000894020332922,4.44,SOLAR
SOLAR_F-132,F-132,FR_SOLAR,0.001856501682329,9.22,SOLAR
SOLAR_F-133,F-133,FR_SOLAR,0.001856501682329,9.22,SOLAR
SOLAR_F-134,F-134,FR_SOLAR,0.00144372202411,7.17,SOLAR
SOLAR_F-135,F-135,FR_SOLAR,0.000894020332922,4.44,SOLAR
SOLAR_F-136,F-136,FR_SOLAR,0.004266732174463,21.19,SOLAR
SOLAR_F-137,F-137,FR_SOLAR,0.001856501682329,9.22,SOLAR
SOLAR_F-138,F-138,FR_SOLAR,0.002343783034957,11.64,SOLAR
SOLAR_F-139,F-139,FR_SOLAR,0.001856501682329,9.22,SOLAR
SOLAR_F-14,F-14,FR_SOLAR,0.000489294911937,2.43,SOLAR
SOLAR_F-140,F-140,FR_SOLAR,0.001856501682329,9.22,SOLAR
SOLAR_F-142,F-142,FR_SOLAR,0.00144372202411,7.17,SOLAR
SOLAR_F-143,F-143,FR_SOLAR,0.00144372202411,7.17,SOLAR
SOLAR_F-144,F-144,FR_SOLAR,0.001856501682329,9.22,SOLAR
SOLAR_F-145,F-145,FR_SOLAR,0.00144372202411,7.17,SOLAR
SOLAR_F-146,F-146,FR_SOLAR,0.004266732174463,21.19,SOLAR
SOLAR_F-147,F-147,FR_SOLAR,0.004266732174463,21.19,SOLAR
SOLAR_F-148,F-148,FR_SOLAR,0.000894020332922,4.44,SOLAR
SOLAR_F-149,F-149,FR_SOLAR,0.00144372202411,7.17,SOLAR
SOLAR_F-15,F-15,FR_SOLAR,0.000763138977877,3.79,SOLAR
SOLAR_F-150,F-150,FR_SOLAR,0.00144372202411,7.17,SOLAR
SOLAR_F-151,F-151,FR_SOLAR,0.001856501682329,9.22,SOLAR
SOLAR_F-152,F-152,FR_SOLAR,0.00144372202411,7.17,SOLAR
SOLAR_F-153,F-153,FR_SOLAR,0.004266732174463,21.19,SOLAR
SOLAR_F-154/15,F-154/15,FR_SOLAR,0.004266732174463,21.19,SOLAR
SOLAR_F-157,F-157,FR_SOLAR,0.001856501682329,9.22,SOLAR
SOLAR_F-158,F-158,FR_SOLAR,0.000894020332922,4.44,SOLAR
SOLAR_F-159,F-159,FR_SOLAR,0.004266732174463,21.19,SOLAR
SOLAR_F-16,F-16,FR_SOLAR,0.000489294911937,2.43,SOLAR
SOLAR_F-160,F-160,FR_SOLAR,0.004266732174463,21.19,SOLAR
SOLAR_F-161,F-161,FR_SOLAR,0.001856501682329,9.22,SOLAR
SOLAR_F-162,F-162,FR_SOLAR,0.004266732174463,21.19,SOLAR
SOLAR_F-163,F-163,FR_SOLAR,0.000894020332922,4.44,SOLAR
SOLAR_F-164,F-164,FR_SOLAR,0.004266732174463,21.19,SOLAR
SOLAR_F-165,F-165,FR_SOLAR,0.001856501682329,9.22,SOLAR
SOLAR_F-166,F-166,FR_SOLAR,0.00144372202411,7.17,SOLAR
SOLAR_F-167,F-167,FR_SOLAR,0.00144372202411,7.17,SOLAR
SOLAR_F-168,F-168,FR_SOLAR,0.000894020332922,4.44,SOLAR
SOLAR_F-169,F-169,FR_SOLAR,0.00144372202411,7.17,SOLAR
SOLAR_F-170,F-170,FR_SOLAR,0.004484196579768,22.27,SOLAR
SOLAR_F-171,F-171,FR_SOLAR,0.000894020332922,4.44,SOLAR
SOLAR_F-172,F-172,FR_SOLAR,0.004266732174463,21.19,SOLAR
SOLAR_F-173,F-173,FR_SOLAR,0.001856501682329,9.22,SOLAR
SOLAR_F-174,F-174,FR_SOLAR,0.00144372202411,7.17,SOLAR
SOLAR_F-175,F-175,FR_SOLAR,0.004484196579768,22.27,SOLAR
SOLAR_F-176,F-176,FR_SOLAR,0.00144372202411,7.17,SOLAR
SOLAR_F-177,F-177,FR_SOLAR,0.00144372202411,7.17,SOLAR
SOLAR_F-178,F-178,FR_SOLAR,0.004266732174463,21.19,SOLAR
SOLAR_F-179,F-179,FR_SOLAR,0.003624406755089,18,SOLAR
SOLAR_F-17lonn,F-17lonn,FR_SOLAR,0.00108329490791,5.38,SOLAR
SOLAR_F-18,F-18,FR_SOLAR,0.00108329490791,5.38,SOLAR
SOLAR_F-180,F-180,FR_SOLAR,0.004484196579768,22.27,SOLAR
SOLAR_F-181,F-181,FR_SOLAR,0.000894020332922,4.44,SOLAR
SOLAR_F-182,F-182,FR_SOLAR,0.001647091514257,8.18,SOLAR
SOLAR_F-183,F-183,FR_SOLAR,0.001856501682329,9.22,SOLAR
SOLAR_F-185,F-185,FR_SOLAR,0.004484196579768,22.27,SOLAR
SOLAR_F-186,F-186,FR_SOLAR,0.003624406755089,18,SOLAR
SOLAR_F-187,F-187,FR_SOLAR,0.00144372202411,7.17,SOLAR
SOLAR_F-188,F-188,FR_SOLAR,0.003624406755089,18,SOLAR
SOLAR_F-189,F-189,FR_SOLAR,0.001647091514257,8.18,SOLAR
SOLAR_F-19,F-19,FR_SOLAR,0.000763138977877,3.79,SOLAR
SOLAR_F-190/19,F-190/19,FR_SOLAR,0.004484196579768,22.27,SOLAR
SOLAR_F-193,F-193,FR_SOLAR,0.003624406755089,18,SOLAR
SOLAR_F-194,F-194,FR_SOLAR,0.001647091514257,8.18,SOLAR
SOLAR_F-195,F-195,FR_SOLAR,0.001647091514257,8.18,SOLAR
SOLAR_F-196,F-196,FR_SOLAR,0.004484196579768,22.27,SOLAR
SOLAR_F-197,F-197,FR_SOLAR,0.004484196579768,22.27,SOLAR
SOLAR_F-198,F-198,FR_SOLAR,0.001647091514257,8.18,SOLAR
SOLAR_F-199,F-199,FR_SOLAR,0.001647091514257,8.18,SOLAR
SOLAR_F-2,F-2,FR_SOLAR,0.001671254225958,8.3,SOLAR
SOLAR_F-20,F-20,FR_SOLAR,0.000489294911937,2.43,SOLAR
SOLAR_F-200,F-200,FR_SOLAR,0.001647091514257,8.18,SOLAR
SOLAR_F-201,F-201,FR_SOLAR,0.002694142354616,13.38,SOLAR
SOLAR_F-202,F-202,FR_SOLAR,0.001647091514257,8.18,SOLAR
SOLAR_F-203,F-203,FR_SOLAR,0.002694142354616,13.38,SOLAR
SOLAR_F-204,F-204,FR_SOLAR,0.001647091514257,8.18,SOLAR
SOLAR_F-205,F-205,FR_SOLAR,0.002694142354616,13.38,SOLAR
SOLAR_F-206,F-206,FR_SOLAR,0.001647091514257,8.18,SOLAR
SOLAR_F-207,F-207,FR_SOLAR,0.004484196579768,22.27,SOLAR
SOLAR_F-208,F-208,FR_SOLAR,0.002694142354616,13.38,SOLAR
SOLAR_F-209,F-209,FR_SOLAR,0.002694142354616,13.38,SOLAR
SOLAR_F-21,F-21,FR_SOLAR,0.000489294911937,2.43,SOLAR
SOLAR_F-210,F-210,FR_SOLAR,0.001647091514257,8.18,SOLAR
SOLAR_F-211,F-211,FR_SOLAR,0.001647091514257,8.18,SOLAR
SOLAR_F-212,F-212,FR_SOLAR,0.001647091514257,8.18,SOLAR
SOLAR_F-213,F-213,FR_SOLAR,0.003624406755089,18,SOLAR
SOLAR_F-214,F-214,FR_SOLAR,0.002694142354616,13.38,SOLAR
SOLAR_F-215,F-215,FR_SOLAR,0.001647091514257,8.18,SOLAR
SOLAR_F-216,F-216,FR_SOLAR,0.001647091514257,8.18,SOLAR
SOLAR_F-217,F-217,FR_SOLAR,0.001647091514257,8.18,SOLAR
SOLAR_F-218,F-218,FR_SOLAR,0.001647091514257,8.18,SOLAR
SOLAR_F-219,F-219,FR_SOLAR,0.001647091514257,8.18,SOLAR
SOLAR_F-22,F-22,FR_SOLAR,0.000763138977877,3.79,SOLAR
SOLAR_F-220,F-220,FR_SOLAR,0.003624406755089,18,SOLAR
SOLAR_F-221/22,F-221/22,FR_SOLAR,0.004484196579768,22.27,SOLAR
SOLAR_F-223,F-223,FR_SOLAR,0.001647091514257,8.18,SOLAR
SOLAR_F-224,F-224,FR_SOLAR,0.004484196579768,22.27,SOLAR
SOLAR_F-225,F-225,FR_SOLAR,0.001647091514257,8.18,SOLAR
SOLAR_F-226,F-226,FR_SOLAR,0.001647091514257,8.18,SOLAR
SOLAR_F-227,F-227,FR_SOLAR,0.002694142354616,13.38,SOLAR
SOLAR_F-228,F-228,FR_SOLAR,0.001647091514257,8.18,SOLAR
SOLAR_F-229,F-229,FR_SOLAR,0.001647091514257,8.18,SOLAR
SOLAR_F-23,F-23,FR_SOLAR,0.000489294911937,2.43,SOLAR
SOLAR_F-230,F-230,FR_SOLAR,0.001647091514257,8.18,SOLAR
SOLAR_F-231,F-231,FR_SOLAR,0.001647091514257,8.18,SOLAR
SOLAR_F-232,F-232,FR_SOLAR,0.001647091514257,8.18,SOLAR
SOLAR_F-233,F-233,FR_SOLAR,0.001647091514257,8.18,SOLAR
SOLAR_F-234,F-234,FR_SOLAR,0.003624406755089,18,SOLAR
SOLAR_F-235,F-235,FR_SOLAR,0.003624406755089,18,SOLAR
SOLAR_F-236,F-236,FR_SOLAR,0.001647091514257,8.18,SOLAR
SOLAR_F-237,F-237,FR_SOLAR,0.002694142354616,13.38,SOLAR
SOLAR_F-238,F-238,FR_SOLAR,0.009167735531066,45.53,SOLAR
SOLAR_F-239,F-239,FR_SOLAR,0.003624406755089,18,SOLAR
SOLAR_F-24,F-24,FR_SOLAR,0.002202833883371,10.94,SOLAR
SOLAR_F-240,F-240,FR_SOLAR,0.009167735531066,45.53,SOLAR
SOLAR_F-241,F-241,FR_SOLAR,0.001647091514257,8.18,SOLAR
SOLAR_F-242,F-242,FR_SOLAR,0.004484196579768,22.27,SOLAR
SOLAR_F-243,F-243,FR_SOLAR,0.001647091514257,8.18,SOLAR
SOLAR_F-244,F-244,FR_SOLAR,0.003624406755089,18,SOLAR
SOLAR_F-245,F-245,FR_SOLAR,0.009167735531066,45.53,SOLAR
SOLAR_F-246,F-246,FR_SOLAR,0.003624406755089,18,SOLAR
SOLAR_F-247,F-247,FR_SOLAR,0.009167735531066,45.53,SOLAR
SOLAR_F-248,F-248,FR_SOLAR,0.003624406755089,18,SOLAR
SOLAR_F-249,F-249,FR_SOLAR,0.001647091514257,8.18,SOLAR
SOLAR_F-250,F-250,FR_SOLAR,0.001647091514257,8.18,SOLAR
SOLAR_F-251,F-251,FR_SOLAR,0.001647091514257,8.18,SOLAR
SOLAR_F-252,F-252,FR_SOLAR,0.005849389790852,29.05,SOLAR
SOLAR_F-253,F-253,FR_SOLAR,0.009167735531066,45.53,SOLAR
SOLAR_F-254,F-254,FR_SOLAR,0.007349491475597,36.5,SOLAR
SOLAR_F-255,F-255,FR_SOLAR,0.003624406755089,18,SOLAR
SOLAR_F-256,F-256,FR_SOLAR,0.001647091514257,8.18,SOLAR
SOLAR_F-257,F-257,FR_SOLAR,0.001647091514257,8.18,SOLAR
SOLAR_F-258,F-258,FR_SOLAR,0.007268949103261,36.1,SOLAR
SOLAR_F-259,F-259,FR_SOLAR,0.001647091514257,8.18,SOLAR
SOLAR_F-26,F-26,FR_SOLAR,0.000763138977877,3.79,SOLAR
SOLAR_F-260,F-260,FR_SOLAR,0.005849389790852,29.05,SOLAR
SOLAR_F-261,F-261,FR_SOLAR,0.005849389790852,29.05,SOLAR
SOLAR_F-262,F-262,FR_SOLAR,0.009167735531066,45.53,SOLAR
SOLAR_F-263,F-263,FR_SOLAR,0.009167735531066,45.53,SOLAR
SOLAR_F-264,F-264,FR_SOLAR,0.001647091514257,8.18,SOLAR
SOLAR_F-265,F-265,FR_SOLAR,0.009167735531066,45.53,SOLAR
SOLAR_F-266,F-266,FR_SOLAR,0.009167735531066,45.53,SOLAR
SOLAR_F-267,F-267,FR_SOLAR,0.001647091514257,8.18,SOLAR
SOLAR_F-268,F-268,FR_SOLAR,0.005849389790852,29.05,SOLAR
SOLAR_F-269,F-269,FR_SOLAR,0.007268949103261,36.1,SOLAR
SOLAR_F-27,F-27,FR_SOLAR,0.00108329490791,5.38,SOLAR
SOLAR_F-270,F-270,FR_SOLAR,0.007268949103261,36.1,SOLAR
SOLAR_F-271,F-271,FR_SOLAR,0.007268949103261,36.1,SOLAR
SOLAR_F-272,F-272,FR_SOLAR,0.007349491475597,36.5,SOLAR
SOLAR_F-273,F-273,FR_SOLAR,0.009167735531066,45.53,SOLAR
SOLAR_F-274,F-274,FR_SOLAR,0.007268949103261,36.1,SOLAR
SOLAR_F-275,F-275,FR_SOLAR,0.007268949103261,36.1,SOLAR
SOLAR_F-276,F-276,FR_SOLAR,0.007268949103261,36.1,SOLAR
SOLAR_F-277,F-277,FR_SOLAR,0.005849389790852,29.05,SOLAR
SOLAR_F-278,F-278,FR_SOLAR,0.007349491475597,36.5,SOLAR
SOLAR_F-279,F-279,FR_SOLAR,0.005849389790852,29.05,SOLAR
SOLAR_F-28,F-28,FR_SOLAR,0.002202833883371,10.94,SOLAR
SOLAR_F-280,F-280,FR_SOLAR,0.007268949103261,36.1,SOLAR
SOLAR_F-281,F-281,FR_SOLAR,0.005849389790852,29.05,SOLAR
SOLAR_F-282,F-282,FR_SOLAR,0.007268949103261,36.1,SOLAR
SOLAR_F-283,F-283,FR_SOLAR,0.007268949103261,36.1,SOLAR
SOLAR_F-285,F-285,FR_SOLAR,0.007349491475597,36.5,SOLAR
SOLAR_F-286,F-286,FR_SOLAR,0.007268949103261,36.1,SOLAR
SOLAR_F-287,F-287,FR_SOLAR,0.007268949103261,36.1,SOLAR
SOLAR_F-288,F-288,FR_SOLAR,0.007268949103261,36.1,SOLAR
SOLAR_F-289,F-289,FR_SOLAR,0.009167735531066,45.53,SOLAR
SOLAR_F-29,F-29,FR_SOLAR,0.000763138977877,3.79,SOLAR
SOLAR_F-290,F-290,FR_SOLAR,0.007349491475597,36.5,SOLAR
SOLAR_F-291,F-291,FR_SOLAR,0.007268949103261,36.1,SOLAR
SOLAR_F-292,F-292,FR_SOLAR,0.005849389790852,29.05,SOLAR
SOLAR_F-293,F-293,FR_SOLAR,0.007268949103261,36.1,SOLAR
SOLAR_F-294,F-294,FR_SOLAR,0.007349491475597,36.5,SOLAR
SOLAR_F-295,F-295,FR_SOLAR,0.007349491475597,36.5,SOLAR
SOLAR_F-296,F-296,FR_SOLAR,0.007349491475597,36.5,SOLAR
SOLAR_F-297,F-297,FR_SOLAR,0.007268949103261,36.1,SOLAR
SOLAR_F-298,F-298,FR_SOLAR,0.005849389790852,29.05,SOLAR
SOLAR_F-299,F-299,FR_SOLAR,0.007268949103261,36.1,SOLAR
SOLAR_F-3,F-3,FR_SOLAR,0.001671254225958,8.3,SOLAR
SOLAR_F-30,F-30,FR_SOLAR,0.000763138977877,3.79,SOLAR
SOLAR_F-300,F-300,FR_SOLAR,0.005849389790852,29.05,SOLAR
SOLAR_F-301,F-301,FR_SOLAR,0.005849389790852,29.05,SOLAR
SOLAR_F-302,F-302,FR_SOLAR,0.005849389790852,29.05,SOLAR
SOLAR_F-303,F-303,FR_SOLAR,0.007268949103261,36.1,SOLAR
SOLAR_F-305,F-305,FR_SOLAR,0.007268949103261,36.1,SOLAR
SOLAR_F-306,F-306,FR_SOLAR,0.007268949103261,36.1,SOLAR
SOLAR_F-307,F-307,FR_SOLAR,0.005849389790852,29.05,SOLAR
SOLAR_F-308,F-308,FR_SOLAR,0.007349491475597,36.5,SOLAR
SOLAR_F-309,F-309,FR_SOLAR,0.007349491475597,36.5,SOLAR
SOLAR_F-31,F-31,FR_SOLAR,0.000489294911937,2.43,SOLAR
SOLAR_F-310,F-310,FR_SOLAR,0.007268949103261,36.1,SOLAR
SOLAR_F-311,F-311,FR_SOLAR,0.009167735531066,45.53,SOLAR
SOLAR_F-312,F-312,FR_SOLAR,0.007349491475597,36.5,SOLAR
SOLAR_F-313,F-313,FR_SOLAR,0.007349491475597,36.5,SOLAR
SOLAR_F-314,F-314,FR_SOLAR,0.007349491475597,36.5,SOLAR
SOLAR_F-315,F-315,FR_SOLAR,0.005849389790852,29.05,SOLAR
SOLAR_F-316,F-316,FR_SOLAR,0.005849389790852,29.05,SOLAR
SOLAR_F-317,F-317,FR_SOLAR,0.005849389790852,29.05,SOLAR
SOLAR_F-318,F-318,FR_SOLAR,0.009167735531066,45.53,SOLAR
SOLAR_F-319,F-319,FR_SOLAR,0.005849389790852,29.05,SOLAR
SOLAR_F-32,F-32,FR_SOLAR,0.000763138977877,3.79,SOLAR
SOLAR_F-322,F-322,FR_SOLAR,0.005849389790852,29.05,SOLAR
SOLAR_F-33,F-33,FR_SOLAR,0.000489294911937,2.43,SOLAR
SOLAR_F-34,F-34,FR_SOLAR,0.001582657616389,7.86,SOLAR
SOLAR_F-35,F-35,FR_SOLAR,0.000489294911937,2.43,SOLAR
SOLAR_F-36,F-36,FR_SOLAR,0.000489294911937,2.43,SOLAR
SOLAR_F-37,F-37,FR_SOLAR,0.000763138977877,3.79,SOLAR
SOLAR_F-38,F-38,FR_SOLAR,0.002202833883371,10.94,SOLAR
SOLAR_F-4,F-4,FR_SOLAR,0.001671254225958,8.3,SOLAR
SOLAR_F-40,F-40,FR_SOLAR,0.000489294911937,2.43,SOLAR
SOLAR_F-41,F-41,FR_SOLAR,0.002202833883371,10.94,SOLAR
SOLAR_F-42,F-42,FR_SOLAR,0.000763138977877,3.79,SOLAR
SOLAR_F-43,F-43,FR_SOLAR,0.00108329490791,5.38,SOLAR
SOLAR_F-44,F-44,FR_SOLAR,0.000489294911937,2.43,SOLAR
SOLAR_F-45,F-45,FR_SOLAR,0.000763138977877,3.79,SOLAR
SOLAR_F-46/47,F-46/47,FR_SOLAR,0.00108329490791,5.38,SOLAR
SOLAR_F-48,F-48,FR_SOLAR,0.002202833883371,10.94,SOLAR
SOLAR_F-49,F-49,FR_SOLAR,0.000489294911937,2.43,SOLAR
SOLAR_F-5,F-5,FR_SOLAR,0.001671254225958,8.3,SOLAR
SOLAR_F-50,F-50,FR_SOLAR,0.000763138977877,3.79,SOLAR
SOLAR_F-51,F-51,FR_SOLAR,0.001582657616389,7.86,SOLAR
SOLAR_F-52,F-52,FR_SOLAR,0.00108329490791,5.38,SOLAR
SOLAR_F-53,F-53,FR_SOLAR,0.000763138977877,3.79,SOLAR
SOLAR_F-54,F-54,FR_SOLAR,0.001582657616389,7.86,SOLAR
SOLAR_F-55,F-55,FR_SOLAR,0.00108329490791,5.38,SOLAR
SOLAR_F-56,F-56,FR_SOLAR,0.000489294911937,2.43,SOLAR
SOLAR_F-57,F-57,FR_SOLAR,0.001115511856844,5.54,SOLAR
SOLAR_F-58,F-58,FR_SOLAR,0.00379757285561,18.86,SOLAR
SOLAR_F-59,F-59,FR_SOLAR,0.001115511856844,5.54,SOLAR
SOLAR_F-61,F-61,FR_SOLAR,0.000763138977877,3.79,SOLAR
SOLAR_F-62,F-62,FR_SOLAR,0.000763138977877,3.79,SOLAR
SOLAR_F-63,F-63,FR_SOLAR,0.002202833883371,10.94,SOLAR
SOLAR_F-64,F-64,FR_SOLAR,0.001115511856844,5.54,SOLAR
SOLAR_F-65,F-65,FR_SOLAR,0.001115511856844,5.54,SOLAR
SOLAR_F-66,F-66,FR_SOLAR,0.002202833883371,10.94,SOLAR
SOLAR_F-67,F-67,FR_SOLAR,0.001115511856844,5.54,SOLAR
SOLAR_F-68,F-68,FR_SOLAR,0.002202833883371,10.94,SOLAR
SOLAR_F-69,F-69,FR_SOLAR,0.00108329490791,5.38,SOLAR
SOLAR_F-6Aveli,F-6Aveli,FR_SOLAR,0.001671254225958,8.3,SOLAR
SOLAR_F-7,F-7,FR_SOLAR,0.001671254225958,8.3,SOLAR
SOLAR_F-70,F-70,FR_SOLAR,0.001115511856844,5.54,SOLAR
SOLAR_F-71,F-71,FR_SOLAR,0.00379757285561,18.86,SOLAR
SOLAR_F-72,F-72,FR_SOLAR,0.002202833883371,10.94,SOLAR
SOLAR_F-73,F-73,FR_SOLAR,0.002343783034957,11.64,SOLAR
SOLAR_F-74,F-74,FR_SOLAR,0.001115511856844,5.54,SOLAR
SOLAR_F-75,F-75,FR_SOLAR,0.00108329490791,5.38,SOLAR
SOLAR_F-76,F-76,FR_SOLAR,0.001115511856844,5.54,SOLAR
SOLAR_F-77,F-77,FR_SOLAR,0.001115511856844,5.54,SOLAR
SOLAR_F-78,F-78,FR_SOLAR,0.001115511856844,5.54,SOLAR
SOLAR_F-79,F-79,FR_SOLAR,0.001582657616389,7.86,SOLAR
SOLAR_F-80,F-80,FR_SOLAR,0.001582657616389,7.86,SOLAR
SOLAR_F-81,F-81,FR_SOLAR,0.001115511856844,5.54,SOLAR
SOLAR_F-82,F-82,FR_SOLAR,0.001856501682329,9.22,SOLAR
SOLAR_F-83,F-83,FR_SOLAR,0.002202833883371,10.94,SOLAR
SOLAR_F-84,F-84,FR_SOLAR,0.002343783034957,11.64,SOLAR
SOLAR_F-85,F-85,FR_SOLAR,0.002343783034957,11.64,SOLAR
SOLAR_F-86,F-86,FR_SOLAR,0.002202833883371,10.94,SOLAR
SOLAR_F-87,F-87,FR_SOLAR,0.00108329490791,5.38,SOLAR
SOLAR_F-88,F-88,FR_SOLAR,0.002343783034957,11.64,SOLAR
SOLAR_F-89,F-89,FR_SOLAR,0.00108329490791,5.38,SOLAR
SOLAR_F-9,F-9,FR_SOLAR,0.001671254225958,8.3,SOLAR
SOLAR_F-90,F-90,FR_SOLAR,0.001582657616389,7.86,SOLAR
SOLAR_F-91,F-91,FR_SOLAR,0.002343783034957,11.64,SOLAR
SOLAR_F-92,F-92,FR_SOLAR,0.002343783034957,11.64,SOLAR
SOLAR_F-93,F-93,FR_SOLAR,0.002202833883371,10.94,SOLAR
SOLAR_F-94,F-94,FR_SOLAR,0.002343783034957,11.64,SOLAR
SOLAR_F-95,F-95,FR_SOLAR,0.002343783034957,11.64,SOLAR
SOLAR_F-96,F-96,FR_SOLAR,0.00108329490791,5.38,SOLAR
SOLAR_F-97,F-97,FR_SOLAR,0.002202833883371,10.94,SOLAR
SOLAR_F-98,F-98,FR_SOLAR,0.001115511856844,5.54,SOLAR
SOLAR_F-99,F-99,FR_SOLAR,0.001856501682329,9.22,SOLAR
SOLAR_NL_Borss,NL_Borss,NL_SOLAR,0.041666666666667,30.79,SOLAR
SOLAR_NL_Geert,NL_Geert,NL_SOLAR,0.041666666666667,30.79,SOLAR
SOLAR_NL_Henge,NL_Henge,NL_SOLAR,0.041666666666667,30.79,SOLAR
SOLAR_NL_Maasb,NL_Maasb,NL_SOLAR,0.041666666666667,30.79,SOLAR
SOLAR_NL_Meede,NL_Meede,NL_SOLAR,0.041666666666667,30.79,SOLAR
SOLAR_NL-1,NL-1,NL_SOLAR,0.041666666666667,30.79,SOLAR
SOLAR_NL-10,NL-10,NL_SOLAR,0.041666666666667,30.79,SOLAR
SOLAR_NL-11,NL-11,NL_SOLAR,0.041666666666667,30.79,SOLAR
SOLAR_NL-13,NL-13,NL_SOLAR,0.041666666666667,30.79,SOLAR
SOLAR_NL-14,NL-14,NL_SOLAR,0.041666666666667,30.79,SOLAR
SOLAR_NL-15,NL-15,NL_SOLAR,0.041666666666667,30.79,SOLAR
SOLAR_NL-16,NL-16,NL_SOLAR,0.041666666666667,30.79,SOLAR
SOLAR_NL-17,NL-17,NL_SOLAR,0.041666666666667,30.79,SOLAR
SOLAR_NL-19,NL-19,NL_SOLAR,0.041666666666667,30.79,SOLAR
SOLAR_NL-2,NL-2,NL_SOLAR,0.041666666666667,30.79,SOLAR
SOLAR_NL-20,NL-20,NL_SOLAR,0.041666666666667,30.79,SOLAR
SOLAR_NL-22,NL-22,NL_SOLAR,0.041666666666667,30.79,SOLAR
SOLAR_NL-3,NL-3,NL_SOLAR,0.041666666666667,30.79,SOLAR
SOLAR_NL-4,NL-4,NL_SOLAR,0.041666666666667,30.79,SOLAR
SOLAR_NL-6,NL-6,NL_SOLAR,0.041666666666667,30.79,SOLAR
SOLAR_NL-7,NL-7,NL_SOLAR,0.041666666666667,30.79,SOLAR
SOLAR_NL-8,NL-8,NL_SOLAR,0.041666666666667,30.79,SOLAR
SOLAR_NL-9,NL-9,NL_SOLAR,0.041666666666667,30.79,SOLAR
SOLAR_NL-new1,NL-new1,NL_SOLAR,0.041666666666667,30.79,SOLAR
WIND_A_Burs,A_Burs,AT_WIND,0.028571428571429,58.17,WIND
WIND_A_st.Pet,A_st.Pet,AT_WIND,0.028571428571429,58.17,WIND
WIND_A_Westti,A_Westti,AT_WIND,0.028571428571429,58.17,WIND
WIND_A-1,A-1,AT_WIND,0.028571428571429,58.17,WIND
WIND_A-10,A-10,AT_WIND,0.028571428571429,58.17,WIND
WIND_A-11,A-11,AT_WIND,0.028571428571429,58.17,WIND
WIND_A-12,A-12,AT_WIND,0.028571428571429,58.17,WIND
WIND_A-13,A-13,AT_WIND,0.028571428571429,58.17,WIND
WIND_A-14,A-14,AT_WIND,0.028571428571429,58.17,WIND
WIND_A-15,A-15,AT_WIND,0.028571428571429,58.17,WIND
WIND_A-16,A-16,AT_WIND,0.028571428571429,58.17,WIND
WIND_A-18,A-18,AT_WIND,0.028571428571429,58.17,WIND
WIND_A-19,A-19,AT_WIND,0.028571428571429,58.17,WIND
WIND_A-2,A-2,AT_WIND,0.028571428571429,58.17,WIND
WIND_A-20,A-20,AT_WIND,0.028571428571429,58.17,WIND
WIND_A-21,A-21,AT_WIND,0.028571428571429,58.17,WIND
WIND_A-22,A-22,AT_WIND,0.028571428571429,58.17,WIND
WIND_A-24,A-24,AT_WIND,0.028571428571429,58.17,WIND
WIND_A-25,A-25,AT_WIND,0.028571428571429,58.17,WIND
WIND_A-26,A-26,AT_WIND,0.028571428571429,58.17,WIND
WIND_A-27,A-27,AT_WIND,0.028571428571429,58.17,WIND
WIND_A-29,A-29,AT_WIND,0.028571428571429,58.17,WIND
WIND_A-3,A-3,AT_WIND,0.028571428571429,58.17,WIND
WIND_A-30,A-30,AT_WIND,0.028571428571429,58.17,WIND
WIND_A-31,A-31,AT_WIND,0.028571428571429,58.17,WIND
WIND_A-32,A-32,AT_WIND,0.028571428571429,58.17,WIND
WIND_A-33,A-33,AT_WIND,0.028571428571429,58.17,WIND
WIND_A-34,A-34,AT_WIND,0.028571428571429,58.17,WIND
WIND_A-35,A-35,AT_WIND,0.028571428571429,58.17,WIND
WIND_A-36,A-36,AT_WIND,0.028571428571429,58.17,WIND
WIND_A-4,A-4,AT_WIND,0.028571428571429,58.17,WIND
WIND_A-5,A-5,AT_WIND,0.028571428571429,58.17,WIND
WIND_A-6,A-6,AT_WIND,0.028571428571429,58.17,WIND
WIND_A-7,A-7,AT_WIND,0.028571428571429,58.17,WIND
WIND_A-8,A-8,AT_WIND,0.028571428571429,58.17,WIND
WIND_B_15,B_15,BE_WIND,0.026250619118376,47.17,WIND
WIND_B_Achene,B_Achene,BE_WIND,0.026250619118376,47.17,WIND
WIND_B_Aubang,B_Aubang,BE_WIND,0.026250619118376,47.17,WIND
WIND_B_meerho,B_meerho,BE_WIND,0.026250619118376,47.17,WIND
WIND_B_Moncea,B_Moncea,BE_WIND,0.026250619118376,47.17,WIND
WIND_B_Zandvl,B_Zandvl,BE_WIND,0.026250619118376,47.17,WIND
WIND_B-10,B-10,BE_WIND,0.026250619118376,47.17,WIND
WIND_B-11,B-11,BE_WIND,0.026250619118376,47.17,WIND
WIND_B-12Avel,B-12Avel,BE_WIND,0.026250619118376,47.17,WIND
WIND_B-13,B-13,BE_WIND,0.026250619118376,47.17,WIND
WIND_B-15,B-15,BE_WIND,0.026250619118376,47.17,WIND
WIND_B-16,B-16,BE_WIND,0.026250619118376,47.17,WIND
WIND_B-17,B-17,BE_WIND,0.026250619118376,47.17,WIND
WIND_B-18,B-18,BE_WIND,0.026250619118376,47.17,WIND
WIND_B-2,B-2,BE_WIND,0.026250619118376,47.17,WIND
WIND_B-20,B-20,BE_WIND,0.026250619118376,47.17,WIND
WIND_B-3,B-3,BE_WIND,0.026250619118376,47.17,WIND
WIND_B-4,B-4,BE_WIND,0.026250619118376,47.17,WIND
WIND_B-5,B-5,BE_WIND,0.026250619118376,47.17,WIND
WIND_B-6,B-6,BE_WIND,0.026250619118376,47.17,WIND
WIND_B-7,B-7,BE_WIND,0.026250619118376,47.17,WIND
WIND_B-8,B-8,BE_WIND,0.026250619118376,47.17,WIND
WIND_B-9,B-9,BE_WIND,0.026250619118376,47.17,WIND
WIND_D_185,D_185,DE_WIND,0.006687405638847,238.08,WIND
WIND_D_233,D_233,DE_WIND,0.001005301780134,35.79,WIND
WIND_D_Connef,D_Connef,DE_WIND,0.006768863452828,240.98,WIND
WIND_D_Diele,D_Diele,DE_WIND,0.006768863452828,240.98,WIND
WIND_D_Eichst,D_Eichst,DE_WIND,0.000681155858291,24.25,WIND
WIND_D_engstl,D_engstl,DE_WIND,0.000681155858291,24.25,WIND
WIND_D_Gronau,D_Gronau,DE_WIND,0.002817878585724,100.32,WIND
WIND_D_kuhmoo,D_kuhmoo,DE_WIND,0.000681155858291,24.25,WIND
WIND_D_leupol,D_leupol,DE_WIND,0.001005301780134,35.79,WIND
WIND_D_oberbr,D_oberbr,DE_WIND,0.001005301780134,35.79,WIND
WIND_D_Rommer,D_Rommer,DE_WIND,0.002817878585724,100.32,WIND
WIND_D_Siersd,D_Siersd,DE_WIND,0.002817878585724,100.32,WIND
WIND_D_Tienge,D_Tienge,DE_WIND,0.000681155858291,24.25,WIND
WIND_D-1,D-1,DE_WIND,0.010494013552895,373.6,WIND
WIND_D-10,D-10,DE_WIND,0.010494013552895,373.6,WIND
WIND_D-100,D-100,DE_WIND,0.002817878585724,100.32,WIND
WIND_D-101,D-101,DE_WIND,0.002817878585724,100.32,WIND
WIND_D-102,D-102,DE_WIND,0.002817878585724,100.32,WIND
WIND_D-103,D-103,DE_WIND,0.001982233769882,70.57,WIND
WIND_D-104,D-104,DE_WIND,0.002817878585724,100.32,WIND
WIND_D-105,D-105,DE_WIND,0.002817878585724,100.32,WIND
WIND_D-106,D-106,DE_WIND,0.001637302061023,58.29,WIND
WIND_D-107,D-107,DE_WIND,0.001637302061023,58.29,WIND
WIND_D-108,D-108,DE_WIND,0.002817878585724,100.32,WIND
WIND_D-109,D-109,DE_WIND,0.002817878585724,100.32,WIND
WIND_D-11,D-11,DE_WIND,0.010494013552895,373.6,WIND
WIND_D-110,D-110,DE_WIND,0.002817878585724,100.32,WIND
WIND_D-111,D-111,DE_WIND,0.002817878585724,100.32,WIND
WIND_D-112,D-112,DE_WIND,0.001637302061023,58.29,WIND
WIND_D-113,D-113,DE_WIND,0.001982233769882,70.57,WIND
WIND_D-114,D-114,DE_WIND,0.00508746181665,181.12,WIND
WIND_D-115,D-115,DE_WIND,0.00508746181665,181.12,WIND
WIND_D-116,D-116,DE_WIND,0.002817878585724,100.32,WIND
WIND_D-117,D-117,DE_WIND,0.001982233769882,70.57,WIND
WIND_D-118,D-118,DE_WIND,0.00508746181665,181.12,WIND
WIND_D-12,D-12,DE_WIND,0.010494013552895,373.6,WIND
WIND_D-120,D-120,DE_WIND,0.002817878585724,100.32,WIND
WIND_D-121,D-121,DE_WIND,0.001982233769882,70.57,WIND
WIND_D-122,D-122,DE_WIND,0.001982233769882,70.57,WIND
WIND_D-123,D-123,DE_WIND,0.002817878585724,100.32,WIND
WIND_D-124,D-124,DE_WIND,0.001637302061023,58.29,WIND
WIND_D-125,D-125,DE_WIND,0.001982233769882,70.57,WIND
WIND_D-126,D-126,DE_WIND,0.002817878585724,100.32,WIND
WIND_D-127,D-127,DE_WIND,0.002817878585724,100.32,WIND
WIND_D-129,D-129,DE_WIND,0.00508746181665,181.12,WIND
WIND_D-13,D-13,DE_WIND,0.011535830904814,410.69,WIND
WIND_D-130,D-130,DE_WIND,0.001637302061023,58.29,WIND
WIND_D-131,D-131,DE_WIND,0.002817878585724,100.32,WIND
WIND_D-133,D-133,DE_WIND,0.001637302061023,58.29,WIND
WIND_D-134,D-134,DE_WIND,0.00508746181665,181.12,WIND
WIND_D-135,D-135,DE_WIND,0.00508746181665,181.12,WIND
WIND_D-136,D-136,DE_WIND,0.002817878585724,100.32,WIND
WIND_D-137,D-137,DE_WIND,0.002817878585724,100.32,WIND
WIND_D-138,D-138,DE_WIND,0.001637302061023,58.29,WIND
WIND_D-139,D-139,DE_WIND,0.001637302061023,58.29,WIND
WIND_D-14,D-14,DE_WIND,0.010494013552895,373.6,WIND
WIND_D-140,D-140,DE_WIND,0.001005301780134,35.79,WIND
WIND_D-141,D-141,DE_WIND,0.002817878585724,100.32,WIND
WIND_D-142,D-142,DE_WIND,0.001005301780134,35.79,WIND
WIND_D-143,D-143,DE_WIND,0.001637302061023,58.29,WIND
WIND_D-144,D-144,DE_WIND,0.006687405638847,238.08,WIND
WIND_D-145,D-145,DE_WIND,0.006687405638847,238.08,WIND
WIND_D-146,D-146,DE_WIND,0.006687405638847,238.08,WIND
WIND_D-147,D-147,DE_WIND,0.002817878585724,100.32,WIND
WIND_D-148,D-148,DE_WIND,0.001637302061023,58.29,WIND
WIND_D-15,D-15,DE_WIND,0.010275762789228,365.83,WIND
WIND_D-150,D-150,DE_WIND,0.001005301780134,35.79,WIND
WIND_D-151,D-151,DE_WIND,0.001005301780134,35.79,WIND
WIND_D-152,D-152,DE_WIND,0.001637302061023,58.29,WIND
WIND_D-153,D-153,DE_WIND,0.001637302061023,58.29,WIND
WIND_D-154,D-154,DE_WIND,0.001005301780134,35.79,WIND
WIND_D-156,D-156,DE_WIND,0.001005301780134,35.79,WIND
WIND_D-157,D-157,DE_WIND,0.001637302061023,58.29,WIND
WIND_D-158,D-158,DE_WIND,0.001637302061023,58.29,WIND
WIND_D-159,D-159,DE_WIND,0.001005301780134,35.79,WIND
WIND_D-16,D-16,DE_WIND,0.010494013552895,373.6,WIND
WIND_D-160,D-160,DE_WIND,0.006687405638847,238.08,WIND
WIND_D-161,D-161,DE_WIND,0.001005301780134,35.79,WIND
WIND_D-162,D-162,DE_WIND,0.006687405638847,238.08,WIND
WIND_D-163,D-163,DE_WIND,0.000681155858291,24.25,WIND
WIND_D-164,D-164,DE_WIND,0.006687405638847,238.08,WIND
WIND_D-165/16,D-165/16,DE_WIND,0.001637302061023,58.29,WIND
WIND_D-17,D-17,DE_WIND,0.010494013552895,373.6,WIND
WIND_D-170,D-170,DE_WIND,0.001005301780134,35.79,WIND
WIND_D-171,D-171,DE_WIND,0.000681155858291,24.25,WIND
WIND_D-172,D-172,DE_WIND,0.001005301780134,35.79,WIND
WIND_D-173,D-173,DE_WIND,0.006687405638847,238.08,WIND
WIND_D-174,D-174,DE_WIND,0.001005301780134,35.79,WIND
WIND_D-175,D-175,DE_WIND,0.001637302061023,58.29,WIND
WIND_D-176,D-176,DE_WIND,0.000681155858291,24.25,WIND
WIND_D-177,D-177,DE_WIND,0.000681155858291,24.25,WIND
WIND_D-178,D-178,DE_WIND,0.006687405638847,238.08,WIND
WIND_D-18,D-18,DE_WIND,0.006768863452828,240.98,WIND
WIND_D-180,D-180,DE_WIND,0.006687405638847,238.08,WIND
WIND_D-181,D-181,DE_WIND,0.000681155858291,24.25,WIND
WIND_D-183,D-183,DE_WIND,0.001005301780134,35.79,WIND
WIND_D-185,D-185,DE_WIND,0.006687405638847,238.08,WIND
WIND_D-186,D-186,DE_WIND,0.000681155858291,24.25,WIND
WIND_D-187,D-187,DE_WIND,0.001005301780134,35.79,WIND
WIND_D-188,D-188,DE_WIND,0.001005301780134,35.79,WIND
WIND_D-189,D-189,DE_WIND,0.000681155858291,24.25,WIND
WIND_D-19,D-19,DE_WIND,0.011535830904814,410.69,WIND
WIND_D-190,D-190,DE_WIND,0.001005301780134,35.79,WIND
WIND_D-191,D-191,DE_WIND,0.001005301780134,35.79,WIND
WIND_D-192,D-192,DE_WIND,0.000681155858291,24.25,WIND
WIND_D-193,D-193,DE_WIND,0.001005301780134,35.79,WIND
WIND_D-194,D-194,DE_WIND,0.000681155858291,24.25,WIND
WIND_D-195,D-195,DE_WIND,0.000681155858291,24.25,WIND
WIND_D-196,D-196,DE_WIND,0.000681155858291,24.25,WIND
WIND_D-197,D-197,DE_WIND,0.001005301780134,35.79,WIND
WIND_D-198,D-198,DE_WIND,0.001005301780134,35.79,WIND
WIND_D-199,D-199,DE_WIND,0.000681155858291,24.25,WIND
WIND_D-2,D-2,DE_WIND,0.010275762789228,365.83,WIND
WIND_D-20,D-20,DE_WIND,0.006768863452828,240.98,WIND
WIND_D-200,D-200,DE_WIND,0.000681155858291,24.25,WIND
WIND_D-201,D-201,DE_WIND,0.000681155858291,24.25,WIND
WIND_D-203,D-203,DE_WIND,0.000681155858291,24.25,WIND
WIND_D-205,D-205,DE_WIND,0.001005301780134,35.79,WIND
WIND_D-206,D-206,DE_WIND,0.001005301780134,35.79,WIND
WIND_D-207,D-207,DE_WIND,0.001005301780134,35.79,WIND
WIND_D-208,D-208,DE_WIND,0.000681155858291,24.25,WIND
WIND_D-209,D-209,DE_WIND,0.001005301780134,35.79,WIND
WIND_D-21,D-21,DE_WIND,0.010494013552895,373.6,WIND
WIND_D-210,D-210,DE_WIND,0.001005301780134,35.79,WIND
WIND_D-212,D-212,DE_WIND,0.000681155858291,24.25,WIND
WIND_D-213,D-213,DE_WIND,0.001005301780134,35.79,WIND
WIND_D-214,D-214,DE_WIND,0.001005301780134,35.79,WIND
WIND_D-216,D-216,DE_WIND,0.001005301780134,35.79,WIND
WIND_D-219,D-219,DE_WIND,0.001005301780134,35.79,WIND
WIND_D-22,D-22,DE_WIND,0.006768863452828,240.98,WIND
WIND_D-224,D-224,DE_WIND,0.001005301780134,35.79,WIND
WIND_D-229,D-229,DE_WIND,0.006687405638847,238.08,WIND
WIND_D-23,D-23,DE_WIND,0.010494013552895,373.6,WIND
WIND_D-24,D-24,DE_WIND,0.006768863452828,240.98,WIND
WIND_D-25,D-25,DE_WIND,0.011535830904814,410.69,WIND
WIND_D-26,D-26,DE_WIND,0.006768863452828,240.98,WIND
WIND_D-27,D-27,DE_WIND,0.006768863452828,240.98,WIND
WIND_D-29,D-29,DE_WIND,0.006768863452828,240.98,WIND
WIND_D-3,D-3,DE_WIND,0.010275762789228,365.83,WIND
WIND_D-30,D-30,DE_WIND,0.006768863452828,240.98,WIND
WIND_D-32,D-32,DE_WIND,0.006768863452828,240.98,WIND
WIND_D-33,D-33,DE_WIND,0.006768863452828,240.98,WIND
WIND_D-34,D-34,DE_WIND,0.011535830904814,410.69,WIND
WIND_D-35,D-35,DE_WIND,0.011535830904814,410.69,WIND
WIND_D-36,D-36,DE_WIND,0.006768863452828,240.98,WIND
WIND_D-37,D-37,DE_WIND,0.006768863452828,240.98,WIND
WIND_D-38,D-38,DE_WIND,0.011535830904814,410.69,WIND
WIND_D-39,D-39,DE_WIND,0.011535830904814,410.69,WIND
WIND_D-4,D-4,DE_WIND,0.010494013552895,373.6,WIND
WIND_D-41,D-41,DE_WIND,0.011535830904814,410.69,WIND
WIND_D-42,D-42,DE_WIND,0.006768863452828,240.98,WIND
WIND_D-43,D-43,DE_WIND,0.006768863452828,240.98,WIND
WIND_D-44,D-44,DE_WIND,0.006768863452828,240.98,WIND
WIND_D-45,D-45,DE_WIND,0.011535830904814,410.69,WIND
WIND_D-46,D-46,DE_WIND,0.011535830904814,410.69,WIND
WIND_D-47,D-47,DE_WIND,0.011535830904814,410.69,WIND
WIND_D-48,D-48,DE_WIND,0.006768863452828,240.98,WIND
WIND_D-49,D-49,DE_WIND,0.006768863452828,240.98,WIND
WIND_D-5,D-5,DE_WIND,0.010275762789228,365.83,WIND
WIND_D-50,D-50,DE_WIND,0.006768863452828,240.98,WIND
WIND_D-51,D-51,DE_WIND,0.006768863452828,240.98,WIND
WIND_D-52,D-52,DE_WIND,0.019909413293073,708.8,WIND
WIND_D-53,D-53,DE_WIND,0.006768863452828,240.98,WIND
WIND_D-54,D-54,DE_WIND,0.002817878585724,100.32,WIND
WIND_D-56,D-56,DE_WIND,0.006768863452828,240.98,WIND
WIND_D-57,D-57,DE_WIND,0.011535830904814,410.69,WIND
WIND_D-58,D-58,DE_WIND,0.019909413293073,708.8,WIND
WIND_D-59,D-59,DE_WIND,0.006768863452828,240.98,WIND
WIND_D-6,D-6,DE_WIND,0.010494013552895,373.6,WIND
WIND_D-60,D-60,DE_WIND,0.006768863452828,240.98,WIND
WIND_D-61,D-61,DE_WIND,0.002817878585724,100.32,WIND
WIND_D-62,D-62,DE_WIND,0.011535830904814,410.69,WIND
WIND_D-63,D-63,DE_WIND,0.006768863452828,240.98,WIND
WIND_D-64,D-64,DE_WIND,0.006768863452828,240.98,WIND
WIND_D-65,D-65,DE_WIND,0.006768863452828,240.98,WIND
WIND_D-66,D-66,DE_WIND,0.002817878585724,100.32,WIND
WIND_D-68,D-68,DE_WIND,0.001982233769882,70.57,WIND
WIND_D-69,D-69,DE_WIND,0.006768863452828,240.98,WIND
WIND_D-7,D-7,DE_WIND,0.010275762789228,365.83,WIND
WIND_D-70,D-70,DE_WIND,0.019909413293073,708.8,WIND
WIND_D-71,D-71,DE_WIND,0.002817878585724,100.32,WIND
WIND_D-72,D-72,DE_WIND,0.002817878585724,100.32,WIND
WIND_D-73,D-73,DE_WIND,0.002817878585724,100.32,WIND
WIND_D-74,D-74,DE_WIND,0.006768863452828,240.98,WIND
WIND_D-76,D-76,DE_WIND,0.002817878585724,100.32,WIND
WIND_D-78,D-78,DE_WIND,0.002817878585724,100.32,WIND
WIND_D-79,D-79,DE_WIND,0.019909413293073,708.8,WIND
WIND_D-8,D-8,DE_WIND,0.010275762789228,365.83,WIND
WIND_D-80,D-80,DE_WIND,0.001982233769882,70.57,WIND
WIND_D-81,D-81,DE_WIND,0.002817878585724,100.32,WIND
WIND_D-82,D-82,DE_WIND,0.001982233769882,70.57,WIND
WIND_D-83,D-83,DE_WIND,0.001982233769882,70.57,WIND
WIND_D-84,D-84,DE_WIND,0.002817878585724,100.32,WIND
WIND_D-85,D-85,DE_WIND,0.019909413293073,708.8,WIND
WIND_D-86,D-86,DE_WIND,0.002817878585724,100.32,WIND
WIND_D-87,D-87,DE_WIND,0.019909413293073,708.8,WIND
WIND_D-88,D-88,DE_WIND,0.002817878585724,100.32,WIND
WIND_D-89,D-89,DE_WIND,0.001982233769882,70.57,WIND
WIND_D-9,D-9,DE_WIND,0.010275762789228,365.83,WIND
WIND_D-90,D-90,DE_WIND,0.001637302061023,58.29,WIND
WIND_D-91,D-91,DE_WIND,0.002817878585724,100.32,WIND
WIND_D-92,D-92,DE_WIND,0.001982233769882,70.57,WIND
WIND_D-93,D-93,DE_WIND,0.002817878585724,100.32,WIND
WIND_D-94,D-94,DE_WIND,0.001982233769882,70.57,WIND
WIND_D-95,D-95,DE_WIND,0.002817878585724,100.32,WIND
WIND_D-96,D-96,DE_WIND,0.006768863452828,240.98,WIND
WIND_D-97,D-97,DE_WIND,0.002817878585724,100.32,WIND
WIND_D-98,D-98,DE_WIND,0.001982233769882,70.57,WIND
WIND_D-99,D-99,DE_WIND,0.001982233769882,70.57,WIND
WIND_E_obermo,E_obermo,DE_WIND,0.000681155858291,24.25,WIND
WIND_E-204,E-204,DE_WIND,0.001005301780134,35.79,WIND
WIND_E-211,E-211,DE_WIND,0.000681155858291,24.25,WIND
WIND_E-215,E-215,DE_WIND,0.000681155858291,24.25,WIND
WIND_E-217,E-217,DE_WIND,0.000681155858291,24.25,WIND
WIND_E-218,E-218,DE_WIND,0.000681155858291,24.25,WIND
WIND_E-220,E-220,DE_WIND,0.000681155858291,24.25,WIND
WIND_E-223,E-223,DE_WIND,0.000681155858291,24.25,WIND
WIND_F_113,F_113,FR_WIND,0.000196255986668,1.71,WIND
WIND_F_Baixas,F_Baixas,FR_WIND,0.004306627332804,38,WIND
WIND_F_BoisTo,F_BoisTo,FR_WIND,0.000475397344518,4.23,WIND
WIND_F_canteg,F_canteg,FR_WIND,0,0,WIND
WIND_F_Cornie,F_Cornie,FR_WIND,0.000463917016981,4.23,WIND
WIND_F_Mambel,F_Mambel,FR_WIND,0.000360936875067,3.33,WIND
WIND_F_Mougue,F_Mougue,FR_WIND,0,0,WIND
WIND_F_Moulai,F_Moulai,FR_WIND,0.00428703895807,40.5,WIND
WIND_F_pragne,F_pragne,FR_WIND,0.002228224385662,21.21,WIND
WIND_F_Sieren,F_Sieren,FR_WIND,0.000177943534666,1.71,WIND
WIND_F_Vigy,F_Vigy,FR_WIND,0.004166542356247,40.5,WIND
WIND_F-1,F-1,FR_WIND,0.006280637254902,61.5,WIND
WIND_F-10,F-10,FR_WIND,0.006248279183274,61.5,WIND
WIND_F-100,F-100,FR_WIND,0.000172842151652,1.71,WIND
WIND_F-101,F-101,FR_WIND,0.004048413022095,40.5,WIND
WIND_F-102,F-102,FR_WIND,0.008976113652447,90.44,WIND
WIND_F-103,F-103,FR_WIND,0.003386020163606,34.19,WIND
WIND_F-104,F-104,FR_WIND,0.003980179687915,40.5,WIND
WIND_F-105,F-105,FR_WIND,0.000142478918487,1.46,WIND
WIND_F-106,F-106,FR_WIND,0.003627190119986,37.57,WIND
WIND_F-107,F-107,FR_WIND,0.000163910541269,1.71,WIND
WIND_F-108,F-108,FR_WIND,0.003841404075872,40.5,WIND
WIND_F-109,F-109,FR_WIND,0.00414518315586,44,WIND
WIND_F-11,F-11,FR_WIND,0.005756842217592,61.5,WIND
WIND_F-110,F-110,FR_WIND,0.008425838368123,90.44,WIND
WIND_F-111,F-111,FR_WIND,0.000958623088574,10.5,WIND
WIND_F-113,F-113,FR_WIND,0.005074611867558,57.57,WIND
WIND_F-114,F-114,FR_WIND,0.003857233276702,44,WIND
WIND_F-115,F-115,FR_WIND,0.005054371588058,57.57,WIND
WIND_F-116,F-116,FR_WIND,0.002988487461726,34.19,WIND
WIND_F-117,F-117,FR_WIND,0.002944956277865,34.19,WIND
WIND_F-118,F-118,FR_WIND,0.003801134984351,44,WIND
WIND_F-119,F-119,FR_WIND,0.007842871996594,90.44,WIND
WIND_F-120,F-120,FR_WIND,0.003845800866179,44,WIND
WIND_F-121,F-121,FR_WIND,0.000150038825837,1.71,WIND
WIND_F-122,F-122,FR_WIND,0.003000349265577,34.19,WIND
WIND_F-123,F-123,FR_WIND,0.005067268718396,57.57,WIND
WIND_F-124,F-124,FR_WIND,0.00092890924822,10.5,WIND
WIND_F-125,F-125,FR_WIND,0.000929772922887,10.5,WIND
WIND_F-126,F-126,FR_WIND,0.005102556330201,57.57,WIND
WIND_F-127,F-127,FR_WIND,0.000935411193398,10.5,WIND
WIND_F-128,F-128,FR_WIND,0.003048728834341,34.19,WIND
WIND_F-12choo,F-12choo,FR_WIND,0.008089213904432,90.44,WIND
WIND_F-13,F-13,FR_WIND,0.007728667938697,85.71,WIND
WIND_F-130,F-130,FR_WIND,0.00523165309151,57.57,WIND
WIND_F-131,F-131,FR_WIND,0.000304204045092,3.33,WIND
WIND_F-132,F-132,FR_WIND,0.004020736032283,44,WIND
WIND_F-133,F-133,FR_WIND,0.004036967613427,44,WIND
WIND_F-134,F-134,FR_WIND,0.000967272117598,10.5,WIND
WIND_F-135,F-135,FR_WIND,0.000307060454025,3.33,WIND
WIND_F-136,F-136,FR_WIND,0.003153640106849,34.19,WIND
WIND_F-137,F-137,FR_WIND,0.004071340997941,44,WIND
WIND_F-138,F-138,FR_WIND,0.005348756184238,57.57,WIND
WIND_F-139,F-139,FR_WIND,0.004109967792798,44,WIND
WIND_F-14,F-14,FR_WIND,0.008039070765583,85.71,WIND
WIND_F-140,F-140,FR_WIND,0.004160374887599,44,WIND
WIND_F-142,F-142,FR_WIND,0.000996964480529,10.5,WIND
WIND_F-143,F-143,FR_WIND,0.000997959410615,10.5,WIND
WIND_F-144,F-144,FR_WIND,0.004186102709836,44,WIND
WIND_F-145,F-145,FR_WIND,0.001003155641031,10.5,WIND
WIND_F-146,F-146,FR_WIND,0.003269745908514,34.19,WIND
WIND_F-147,F-147,FR_WIND,0.003280472219131,34.19,WIND
WIND_F-148,F-148,FR_WIND,0.000320559409863,3.33,WIND
WIND_F-149,F-149,FR_WIND,0.001011097030649,10.5,WIND
WIND_F-15,F-15,FR_WIND,0.00172156857453,17.86,WIND
WIND_F-150,F-150,FR_WIND,0.0010138658221,10.5,WIND
WIND_F-151,F-151,FR_WIND,0.004252892450149,44,WIND
WIND_F-152,F-152,FR_WIND,0.001019229462526,10.5,WIND
WIND_F-153,F-153,FR_WIND,0.003322191344229,34.19,WIND
WIND_F-154/15,F-154/15,FR_WIND,0.003333265088655,34.19,WIND
WIND_F-157,F-157,FR_WIND,0.004304011926026,44,WIND
WIND_F-158,F-158,FR_WIND,0.000327143477466,3.33,WIND
WIND_F-159,F-159,FR_WIND,0.003359968709739,34.19,WIND
WIND_F-16,F-16,FR_WIND,0.008451412512942,85.71,WIND
WIND_F-160,F-160,FR_WIND,0.003400031225791,34.19,WIND
WIND_F-161,F-161,FR_WIND,0.004390516484394,44,WIND
WIND_F-162,F-162,FR_WIND,0.003426675753688,34.19,WIND
WIND_F-163,F-163,FR_WIND,0.000334895171777,3.33,WIND
WIND_F-164,F-164,FR_WIND,0.003439610143983,34.19,WIND
WIND_F-165,F-165,FR_WIND,0.004441801796709,44,WIND
WIND_F-166,F-166,FR_WIND,0.001064704635724,10.5,WIND
WIND_F-167,F-167,FR_WIND,0.001065839439917,10.5,WIND
WIND_F-168,F-168,FR_WIND,0.000338384028274,3.33,WIND
WIND_F-169,F-169,FR_WIND,0.001067337835805,10.5,WIND
WIND_F-170,F-170,FR_WIND,0.003857715328898,37.91,WIND
WIND_F-171,F-171,FR_WIND,0.000340172537963,3.33,WIND
WIND_F-172,F-172,FR_WIND,0.003493830869564,34.19,WIND
WIND_F-173,F-173,FR_WIND,0.004512066187909,44,WIND
WIND_F-174,F-174,FR_WIND,0.001081623424049,10.5,WIND
WIND_F-175,F-175,FR_WIND,0.003909404122663,37.91,WIND
WIND_F-176,F-176,FR_WIND,0.001087044295502,10.5,WIND
WIND_F-177,F-177,FR_WIND,0.001088227246723,10.5,WIND
WIND_F-178,F-178,FR_WIND,0.003547335503859,34.19,WIND
WIND_F-179,F-179,FR_WIND,0.001609740910847,15.46,WIND
WIND_F-17lonn,F-17lonn,FR_WIND,0.0094320633838,90.44,WIND
WIND_F-18,F-18,FR_WIND,0.009521874305784,90.44,WIND
WIND_F-180,F-180,FR_WIND,0.004029682100494,37.91,WIND
WIND_F-181,F-181,FR_WIND,0.000355397885543,3.33,WIND
WIND_F-182,F-182,FR_WIND,0.000451611870025,4.23,WIND
WIND_F-183,F-183,FR_WIND,0.004699740018927,44,WIND
WIND_F-185,F-185,FR_WIND,0.004068373573494,37.91,WIND
WIND_F-186,F-186,FR_WIND,0.001665892626432,15.46,WIND
WIND_F-187,F-187,FR_WIND,0.001133315703978,10.5,WIND
WIND_F-188,F-188,FR_WIND,0.001670565733952,15.46,WIND
WIND_F-189,F-189,FR_WIND,0.000457847208918,4.23,WIND
WIND_F-19,F-19,FR_WIND,0.001934018144685,17.86,WIND
WIND_F-190/19,F-190/19,FR_WIND,0.00411314122038,37.91,WIND
WIND_F-193,F-193,FR_WIND,0.001684299517698,15.46,WIND
WIND_F-194,F-194,FR_WIND,0.000461617538411,4.23,WIND
WIND_F-195,F-195,FR_WIND,0.000461830727574,4.23,WIND
WIND_F-196,F-196,FR_WIND,0.004140920177783,37.91,WIND
WIND_F-197,F-197,FR_WIND,0.004158138698221,37.91,WIND
WIND_F-198,F-198,FR_WIND,0.000465902645071,4.23,WIND
WIND_F-199,F-199,FR_WIND,0.000466119811525,4.23,WIND
WIND_F-2,F-2,FR_WIND,0.006780079574983,61.5,WIND
WIND_F-20,F-20,FR_WIND,0.009513618871397,85.71,WIND
WIND_F-200,F-200,FR_WIND,0.000474030311045,4.23,WIND
WIND_F-201,F-201,FR_WIND,0.000659248255178,5.88,WIND
WIND_F-202,F-202,FR_WIND,0.000474567980461,4.23,WIND
WIND_F-203,F-203,FR_WIND,0.000659996363285,5.88,WIND
WIND_F-204,F-204,FR_WIND,0.000475106870966,4.23,WIND
WIND_F-205,F-205,FR_WIND,0.000660746171212,5.88,WIND
WIND_F-206,F-206,FR_WIND,0.000475646986726,4.23,WIND
WIND_F-207,F-207,FR_WIND,0.00426486007299,37.91,WIND
WIND_F-208,F-208,FR_WIND,0.000664330963359,5.88,WIND
WIND_F-209,F-209,FR_WIND,0.000664772592376,5.88,WIND
WIND_F-21,F-21,FR_WIND,0.00969652402636,85.71,WIND
WIND_F-210,F-210,FR_WIND,0.000483233069135,4.23,WIND
WIND_F-211,F-211,FR_WIND,0.000483466696231,4.23,WIND
WIND_F-212,F-212,FR_WIND,0.000483700549337,4.23,WIND
WIND_F-213,F-213,FR_WIND,0.001768706704726,15.46,WIND
WIND_F-214,F-214,FR_WIND,0.000673895378889,5.88,WIND
WIND_F-215,F-215,FR_WIND,0.000485119003247,4.23,WIND
WIND_F-216,F-216,FR_WIND,0.000485354457918,4.23,WIND
WIND_F-217,F-217,FR_WIND,0.000485590141257,4.23,WIND
WIND_F-218,F-218,FR_WIND,0.000485826053599,4.23,WIND
WIND_F-219,F-219,FR_WIND,0.000486062195277,4.23,WIND
WIND_F-22,F-22,FR_WIND,0.002053260614645,17.86,WIND
WIND_F-220,F-220,FR_WIND,0.001781003398422,15.46,WIND
WIND_F-221/22,F-221/22,FR_WIND,0.004375051932824,37.91,WIND
WIND_F-223,F-223,FR_WIND,0.000490313696444,4.23,WIND
WIND_F-224,F-224,FR_WIND,0.004396432754642,37.91,WIND
WIND_F-225,F-225,FR_WIND,0.000492720434153,4.23,WIND
WIND_F-226,F-226,FR_WIND,0.000492963327258,4.23,WIND
WIND_F-227,F-227,FR_WIND,0.000685591958519,5.88,WIND
WIND_F-228,F-228,FR_WIND,0.000493544830322,4.23,WIND
WIND_F-229,F-229,FR_WIND,0.000493788537102,4.23,WIND
WIND_F-23,F-23,FR_WIND,0.010010289423617,85.71,WIND
WIND_F-230,F-230,FR_WIND,0.000499027898373,4.23,WIND
WIND_F-231,F-231,FR_WIND,0.000499277051551,4.23,WIND
WIND_F-232,F-232,FR_WIND,0.000499526453646,4.23,WIND
WIND_F-233,F-233,FR_WIND,0.000499776105031,4.23,WIND
WIND_F-234,F-234,FR_WIND,0.001827518216077,15.46,WIND
WIND_F-235,F-235,FR_WIND,0.001830864153669,15.46,WIND
WIND_F-236,F-236,FR_WIND,0.000501860323848,4.23,WIND
WIND_F-237,F-237,FR_WIND,0.000697971727397,5.88,WIND
WIND_F-238,F-238,FR_WIND,0,0,WIND
WIND_F-239,F-239,FR_WIND,0.001836425124101,15.46,WIND
WIND_F-24,F-24,FR_WIND,0.004819667097858,40.5,WIND
WIND_F-240,F-240,FR_WIND,0,0,WIND
WIND_F-241,F-241,FR_WIND,0.000505825362299,4.23,WIND
WIND_F-242,F-242,FR_WIND,0.00453558960272,37.91,WIND
WIND_F-243,F-243,FR_WIND,0.00050838718672,4.23,WIND
WIND_F-244,F-244,FR_WIND,0.001859022149539,15.46,WIND
WIND_F-245,F-245,FR_WIND,0,0,WIND
WIND_F-246,F-246,FR_WIND,0.00186248454957,15.46,WIND
WIND_F-247,F-247,FR_WIND,0,0,WIND
WIND_F-248,F-248,FR_WIND,0.001865959871,15.46,WIND
WIND_F-249,F-249,FR_WIND,0.000511498436484,4.23,WIND
WIND_F-250,F-250,FR_WIND,0.000511760201026,4.23,WIND
WIND_F-251,F-251,FR_WIND,0.000512022233627,4.23,WIND
WIND_F-252,F-252,FR_WIND,0.002568689120796,21.21,WIND
WIND_F-253,F-253,FR_WIND,0,0,WIND
WIND_F-254,F-254,FR_WIND,0.004613935055222,38,WIND
WIND_F-255,F-255,FR_WIND,0.001885844214142,15.46,WIND
WIND_F-256,F-256,FR_WIND,0.000516959447403,4.23,WIND
WIND_F-257,F-257,FR_WIND,0.000517226832701,4.23,WIND
WIND_F-258,F-258,FR_WIND,0.000261805725471,2.14,WIND
WIND_F-259,F-259,FR_WIND,0.000517630013241,4.23,WIND
WIND_F-26,F-26,FR_WIND,0.002186680836424,17.86,WIND
WIND_F-260,F-260,FR_WIND,0.00260252743329,21.21,WIND
WIND_F-261,F-261,FR_WIND,0.002609318255632,21.21,WIND
WIND_F-262,F-262,FR_WIND,0,0,WIND
WIND_F-263,F-263,FR_WIND,0,0,WIND
WIND_F-264,F-264,FR_WIND,0.000521748783511,4.23,WIND
WIND_F-265,F-265,FR_WIND,0,0,WIND
WIND_F-266,F-266,FR_WIND,0,0,WIND
WIND_F-267,F-267,FR_WIND,0.00052202114741,4.23,WIND
WIND_F-268,F-268,FR_WIND,0.002618877401718,21.21,WIND
WIND_F-269,F-269,FR_WIND,0.000264927553456,2.14,WIND
WIND_F-27,F-27,FR_WIND,0.011199251071755,90.44,WIND
WIND_F-270,F-270,FR_WIND,0.000267999148414,2.14,WIND
WIND_F-271,F-271,FR_WIND,0.000268070991211,2.14,WIND
WIND_F-272,F-272,FR_WIND,0.004761415493646,38,WIND
WIND_F-273,F-273,FR_WIND,0,0,WIND
WIND_F-274,F-274,FR_WIND,0.000269425720336,2.14,WIND
WIND_F-275,F-275,FR_WIND,0.000269498330118,2.14,WIND
WIND_F-276,F-276,FR_WIND,0.000269570979047,2.14,WIND
WIND_F-277,F-277,FR_WIND,0.00267249634595,21.21,WIND
WIND_F-278,F-278,FR_WIND,0.004800895493349,38,WIND
WIND_F-279,F-279,FR_WIND,0.002692584538395,21.21,WIND
WIND_F-28,F-28,FR_WIND,0.005155308440195,40.5,WIND
WIND_F-280,F-280,FR_WIND,0.000273815555794,2.14,WIND
WIND_F-281,F-281,FR_WIND,0.002714588127485,21.21,WIND
WIND_F-282,F-282,FR_WIND,0.000274636075117,2.14,WIND
WIND_F-283,F-283,FR_WIND,0.000274711520811,2.14,WIND
WIND_F-285,F-285,FR_WIND,0.004879395468582,38,WIND
WIND_F-286,F-286,FR_WIND,0.000276134376794,2.14,WIND
WIND_F-287,F-287,FR_WIND,0.00027621064805,2.14,WIND
WIND_F-288,F-288,FR_WIND,0.00027628696145,2.14,WIND
WIND_F-289,F-289,FR_WIND,0,0,WIND
WIND_F-29,F-29,FR_WIND,0.002306471421579,17.86,WIND
WIND_F-290,F-290,FR_WIND,0.004918730915648,38,WIND
WIND_F-291,F-291,FR_WIND,0.000278371448975,2.14,WIND
WIND_F-292,F-292,FR_WIND,0.002759767508129,21.21,WIND
WIND_F-293,F-293,FR_WIND,0.000279219542237,2.14,WIND
WIND_F-294,F-294,FR_WIND,0.004959488807217,38,WIND
WIND_F-295,F-295,FR_WIND,0.004984207930662,38,WIND
WIND_F-296,F-296,FR_WIND,0.005009174698922,38,WIND
WIND_F-297,F-297,FR_WIND,0.000283515807994,2.14,WIND
WIND_F-298,F-298,FR_WIND,0.002810783017093,21.21,WIND
WIND_F-299,F-299,FR_WIND,0.000284395586287,2.14,WIND
WIND_F-3,F-3,FR_WIND,0.008175375768186,61.5,WIND
WIND_F-30,F-30,FR_WIND,0.002393752119328,17.86,WIND
WIND_F-300,F-300,FR_WIND,0.002849569340192,21.21,WIND
WIND_F-301,F-301,FR_WIND,0.002857712590373,21.21,WIND
WIND_F-302,F-302,FR_WIND,0.002865902516076,21.21,WIND
WIND_F-303,F-303,FR_WIND,0.000289988617269,2.14,WIND
WIND_F-305,F-305,FR_WIND,0.000290072735061,2.14,WIND
WIND_F-306,F-306,FR_WIND,0.000290156901667,2.14,WIND
WIND_F-307,F-307,FR_WIND,0.002876642100152,21.21,WIND
WIND_F-308,F-308,FR_WIND,0.005168682679608,38,WIND
WIND_F-309,F-309,FR_WIND,0.005195536760473,38,WIND
WIND_F-31,F-31,FR_WIND,0.011779872649283,85.71,WIND
WIND_F-310,F-310,FR_WIND,0.000297624842495,2.14,WIND
WIND_F-311,F-311,FR_WIND,0,0,WIND
WIND_F-312,F-312,FR_WIND,0.005286500503609,38,WIND
WIND_F-313,F-313,FR_WIND,0.005314596118667,38,WIND
WIND_F-314,F-314,FR_WIND,0.005342991963015,38,WIND
WIND_F-315,F-315,FR_WIND,0.002998252786212,21.21,WIND
WIND_F-316,F-316,FR_WIND,0.00300726933989,21.21,WIND
WIND_F-317,F-317,FR_WIND,0.003016340287555,21.21,WIND
WIND_F-318,F-318,FR_WIND,0,0,WIND
WIND_F-319,F-319,FR_WIND,0.00302546612291,21.21,WIND
WIND_F-32,F-32,FR_WIND,0.002555341895016,17.86,WIND
WIND_F-322,F-322,FR_WIND,0.003042421773469,21.21,WIND
WIND_F-33,F-33,FR_WIND,0.012332001479092,85.71,WIND
WIND_F-34,F-34,FR_WIND,0.005473086167966,37.57,WIND
WIND_F-35,F-35,FR_WIND,0.012554691493834,85.71,WIND
WIND_F-36,F-36,FR_WIND,0.012714315806338,85.71,WIND
WIND_F-37,F-37,FR_WIND,0.00268349082189,17.86,WIND
WIND_F-38,F-38,FR_WIND,0.00610155702696,40.5,WIND
WIND_F-4,F-4,FR_WIND,0.009322207316796,61.5,WIND
WIND_F-40,F-40,FR_WIND,0.013114227353056,85.71,WIND
WIND_F-41,F-41,FR_WIND,0.006279128177937,40.5,WIND
WIND_F-42,F-42,FR_WIND,0.002786514890536,17.86,WIND
WIND_F-43,F-43,FR_WIND,0.014149865917348,90.44,WIND
WIND_F-44,F-44,FR_WIND,0.013602300536094,85.71,WIND
WIND_F-45,F-45,FR_WIND,0.00287349386929,17.86,WIND
WIND_F-46/47,F-46/47,FR_WIND,0.014592816216679,90.44,WIND
WIND_F-48,F-48,FR_WIND,0.006631592908617,40.5,WIND
WIND_F-49,F-49,FR_WIND,0.014128107367682,85.71,WIND
WIND_F-5,F-5,FR_WIND,0.010282698982765,61.5,WIND
WIND_F-50,F-50,FR_WIND,0.003017187494721,17.86,WIND
WIND_F-51,F-51,FR_WIND,0.006366113366635,37.57,WIND
WIND_F-52,F-52,FR_WIND,0.015422945809935,90.44,WIND
WIND_F-53,F-53,FR_WIND,0.003093417394844,17.86,WIND
WIND_F-54,F-54,FR_WIND,0.006527453702336,37.57,WIND
WIND_F-55,F-55,FR_WIND,0.015816387204186,90.44,WIND
WIND_F-56,F-56,FR_WIND,0.015230077047736,85.71,WIND
WIND_F-57,F-57,FR_WIND,0.000263444226512,1.46,WIND
WIND_F-58,F-58,FR_WIND,0.000308635847602,1.71,WIND
WIND_F-59,F-59,FR_WIND,0.000263595002528,1.46,WIND
WIND_F-61,F-61,FR_WIND,0.003225375360733,17.86,WIND
WIND_F-62,F-62,FR_WIND,0.003235812069253,17.86,WIND
WIND_F-63,F-63,FR_WIND,0.007361468076676,40.5,WIND
WIND_F-64,F-64,FR_WIND,0.000267344427517,1.46,WIND
WIND_F-65,F-65,FR_WIND,0.000267415919673,1.46,WIND
WIND_F-66,F-66,FR_WIND,0.007420028580851,40.5,WIND
WIND_F-67,F-67,FR_WIND,0.000269487051701,1.46,WIND
WIND_F-68,F-68,FR_WIND,0.007477512074797,40.5,WIND
WIND_F-69,F-69,FR_WIND,0.016823730314338,90.44,WIND
WIND_F-6Aveli,F-6Aveli,FR_WIND,0.011636047149642,61.5,WIND
WIND_F-7,F-7,FR_WIND,0.011773038784027,61.5,WIND
WIND_F-70,F-70,FR_WIND,0.000282819673401,1.46,WIND
WIND_F-71,F-71,FR_WIND,0.000331341409538,1.71,WIND
WIND_F-72,F-72,FR_WIND,0.007850160782923,40.5,WIND
WIND_F-73,F-73,FR_WIND,0.01124715011634,57.57,WIND
WIND_F-74,F-74,FR_WIND,0.000288477117442,1.46,WIND
WIND_F-75,F-75,FR_WIND,0.017874930824571,90.44,WIND
WIND_F-76,F-76,FR_WIND,0.000293812233858,1.46,WIND
WIND_F-77,F-77,FR_WIND,0.000293898584858,1.46,WIND
WIND_F-78,F-78,FR_WIND,0.00029398498663,1.46,WIND
WIND_F-79,F-79,FR_WIND,0.00756730409001,37.57,WIND
WIND_F-80,F-80,FR_WIND,0.007625004820172,37.57,WIND
WIND_F-81,F-81,FR_WIND,0.000298590489279,1.46,WIND
WIND_F-82,F-82,FR_WIND,0.009001305189252,44,WIND
WIND_F-83,F-83,FR_WIND,0.008360548121664,40.5,WIND
WIND_F-84,F-84,FR_WIND,0.011984561835926,57.57,WIND
WIND_F-85,F-85,FR_WIND,0.012129933777346,57.57,WIND
WIND_F-86,F-86,FR_WIND,0.008638083497208,40.5,WIND
WIND_F-87,F-87,FR_WIND,0.019457663875526,90.44,WIND
WIND_F-88,F-88,FR_WIND,0.012631648235914,57.57,WIND
WIND_F-89,F-89,FR_WIND,0.020097643793486,90.44,WIND
WIND_F-9,F-9,FR_WIND,0.013946874879524,61.5,WIND
WIND_F-90,F-90,FR_WIND,0.008640575517066,37.57,WIND
WIND_F-91,F-91,FR_WIND,0.013355697224465,57.57,WIND
WIND_F-92,F-92,FR_WIND,0.013536486438825,57.57,WIND
WIND_F-93,F-93,FR_WIND,0.00965347596642,40.5,WIND
WIND_F-94,F-94,FR_WIND,0.013855995841035,57.57,WIND
WIND_F-95,F-95,FR_WIND,0.014050682032846,57.57,WIND
WIND_F-96,F-96,FR_WIND,0.022387579398674,90.44,WIND
WIND_F-97,F-97,FR_WIND,0.010254981895526,40.5,WIND
WIND_F-98,F-98,FR_WIND,0.000373516168645,1.46,WIND
WIND_F-99,F-99,FR_WIND,0.011260857770248,44,WIND
WIND_NL_Borss,NL_Borss,NL_WIND,0.038062577169916,112.21,WIND
WIND_NL_Geert,NL_Geert,NL_WIND,0.038062577169916,112.21,WIND
WIND_NL_Henge,NL_Henge,NL_WIND,0.038062577169916,112.21,WIND
WIND_NL_Maasb,NL_Maasb,NL_WIND,0.038062577169916,112.21,WIND
WIND_NL_Meede,NL_Meede,NL_WIND,0.038062577169916,112.21,WIND
WIND_NL-1,NL-1,NL_WIND,0.038062577169916,112.21,WIND
WIND_NL-10,NL-10,NL_WIND,0.038062577169916,112.21,WIND
WIND_NL-11,NL-11,NL_WIND,0.038062577169916,112.21,WIND
WIND_NL-13,NL-13,NL_WIND,0.038062577169916,112.21,WIND
WIND_NL-14,NL-14,NL_WIND,0.038062577169916,112.21,WIND
WIND_NL-15,NL-15,NL_WIND,0.038062577169916,112.21,WIND
WIND_NL-16,NL-16,NL_WIND,0.038062577169916,112.21,WIND
WIND_NL-17,NL-17,NL_WIND,0.038062577169916,112.21,WIND
WIND_NL-19,NL-19,NL_WIND,0.038062577169916,112.21,WIND
WIND_NL-2,NL-2,NL_WIND,0.038062577169916,112.21,WIND
WIND_NL-20,NL-20,NL_WIND,0.038062577169916,112.21,WIND
WIND_NL-22,NL-22,NL_WIND,0.038062577169916,112.21,WIND
WIND_NL-3,NL-3,NL_WIND,0.038062577169916,112.21,WIND
WIND_NL-4,NL-4,NL_WIND,0.038062577169916,112.21,WIND
WIND_NL-6,NL-6,NL_WIND,0.038062577169916,112.21,WIND
WIND_NL-7,NL-7,NL_WIND,0.038062577169916,112.21,WIND
WIND_NL-8,NL-8,NL_WIND,0.038062577169916,112.21,WIND
WIND_NL-9,NL-9,NL_WIND,0.038062577169916,112.21,WIND
WIND_NL-new1,NL-new1,NL_WIND,0.038062577169916,112.21,WIND
WINDOFF_BELWIND,B-3,BE_WIND,0.172518378772448,310,WIND
WINDOFF_CPOWER,B-3,BE_WIND,0.223717381504917,402,WIND
PRINCES_AMELIA_Q7,NL-11,NL_WIND,0.040705010786828,120,WIND
EEMS_WIND_EBL,NL-1,NL_WIND,0.009158627427036,27,WIND
NEAR_SHORE_WINDFARM,NL-7,NL_WIND,0.036634509708145,108,WIND
RES_WINDOFF_DE_Existing,D-22,DE_WIND,0.005710473649099,203.3,WIND
